FillingID,ProductID,Aantal
349,1498,233
3655,4744,394
4969,886,392
749,522,878
2888,3639,704
1077,3862,445
4380,39,162
2816,2328,251
4567,2892,407
110,3341,498
4393,1505,557
3126,1765,221
1080,573,604
2870,2427,469
2048,810,873
4799,4809,239
341,2665,570
1192,3668,320
41,155,988
3728,2148,966
3392,1258,125
1438,4345,226
173,4100,570
3883,3528,895
4266,235,200
3027,2900,113
1082,2422,594
3650,1898,597
3813,4000,228
2876,2852,971
2138,3465,331
1383,4869,131
4482,360,383
141,4468,468
1862,1237,557
4998,2081,366
1399,3809,846
4903,4867,426
370,3044,563
216,725,842
3871,3502,586
3694,3580,633
230,2552,285
2107,4355,935
3081,2097,255
2683,4492,381
1852,493,468
3481,3850,426
3851,3613,510
768,4652,421
2182,3154,519
4986,4967,108
4290,75,294
3898,318,612
2117,2984,383
3834,1893,916
631,3835,930
3674,3321,125
3854,3465,451
3589,4731,332
4959,4768,865
3365,462,712
1709,2797,279
2544,2451,345
1661,135,685
2046,2556,223
975,333,506
371,3691,758
985,563,193
2840,4034,846
4951,1883,808
851,3430,751
3706,630,327
3344,3994,220
3880,4719,160
565,4970,981
2623,2111,347
1829,370,960
2193,3641,320
4377,1408,780
2101,2047,122
2241,4699,788
4575,2372,685
4517,3904,133
370,1355,184
4949,2606,509
300,33,684
4897,2055,384
4054,2017,814
3348,365,851
814,3557,550
4049,2058,138
3215,1808,248
851,3577,158
4046,2500,604
390,1972,140
464,2540,297
4681,113,397
785,2797,500
1359,4687,226
4405,1278,425
4433,3418,850
1475,1336,692
3734,1577,170
1027,3149,265
1409,1894,215
3205,312,189
2857,1424,994
2865,4818,554
3477,4277,942
4164,1343,565
778,3788,551
4348,3496,521
2800,2989,942
2224,2822,893
229,4698,464
1685,952,283
2454,3239,985
114,3328,259
4647,469,866
1079,1364,729
4348,224,792
1553,4389,976
962,934,300
3509,4931,414
3874,3254,973
4357,2657,845
678,1119,359
1482,2896,797
1133,3238,566
2467,3602,357
2516,4429,943
2867,988,650
1780,2864,959
4890,2149,651
3918,371,289
3398,502,225
407,102,979
3057,4320,799
274,707,179
1544,4323,327
3662,3460,891
1831,513,142
4161,2022,726
4057,4365,309
2619,158,575
3286,1139,171
4640,2977,263
1554,482,903
1954,1768,873
1382,4043,446
2671,4756,546
1780,1498,847
3961,2609,344
968,2597,424
3295,551,622
3837,521,980
3573,1305,656
3822,2391,678
3052,4115,513
2355,4539,414
581,3011,176
4999,452,723
424,3838,300
3281,3799,643
2998,1211,509
252,1395,981
984,1278,186
1239,2971,491
1220,1763,778
625,2045,623
3574,2435,563
3630,3788,259
3425,1331,338
2370,1930,645
4099,1236,264
3715,3922,802
4563,4163,184
3383,2467,162
1484,2266,400
753,4594,259
2489,3960,781
1830,2220,305
3735,842,610
1131,746,408
3018,1096,433
3394,4059,591
3300,158,340
1505,4250,123
644,4876,666
4329,4590,232
1653,1499,427
4404,1432,890
2552,1511,964
3913,4680,740
2743,4257,270
3148,708,840
1696,4540,929
1233,2821,186
4058,1567,941
1786,2024,567
32,613,263
2018,4979,874
284,92,843
2435,1625,303
1665,4183,890
3488,4540,818
2326,1514,326
2075,406,358
984,1111,185
2554,359,567
898,3768,468
3105,3977,376
869,276,629
1412,3697,520
2684,3609,912
3572,445,315
729,1872,245
2386,4522,998
1997,697,990
2082,4847,568
2693,862,421
3983,761,156
1757,1056,633
3847,3042,301
3925,1045,799
4017,4045,854
2590,4047,960
3474,4766,903
1930,2586,437
554,2579,250
706,4765,549
2168,2858,471
4636,4599,621
3891,1305,148
769,2683,198
1302,2829,541
388,4990,359
4296,4706,902
2850,2954,475
3757,2047,650
1042,681,486
2756,876,445
3668,2785,645
1687,71,277
1963,275,410
4497,905,207
2259,719,417
3994,1142,893
2347,1221,653
3289,929,649
2993,2488,709
3519,2454,483
3465,3746,454
644,1330,751
253,4961,603
4660,1387,659
3750,2071,819
1772,156,806
3186,1992,832
1081,3333,687
546,1719,482
4879,428,119
4009,861,859
379,4565,876
2781,4161,249
176,1941,651
1457,1895,109
305,4943,683
2644,3677,691
4601,3614,250
4185,4936,237
4917,1349,445
3984,4431,403
1557,1976,605
2916,767,230
1557,1170,754
2839,4157,475
529,1741,345
1814,937,144
687,4815,435
148,1987,794
2170,3094,861
3378,2805,332
1120,734,780
3871,480,374
178,3470,696
4474,4520,603
3690,2410,356
822,2999,752
4409,2390,394
4174,639,955
3035,2303,197
1489,2869,204
3058,4324,145
1598,3324,722
4444,119,484
2347,869,726
3799,1164,159
4853,1073,737
2852,1038,432
1460,1935,505
2587,2834,219
4262,3486,346
2742,3757,994
2170,4930,768
4092,3582,134
1762,3976,940
1663,4723,824
2798,3731,114
3279,746,322
3836,4322,665
654,1081,592
743,246,879
3348,4084,172
4573,4624,555
3244,2195,836
545,983,200
52,959,981
3751,686,603
3182,4434,488
3509,3885,919
2384,3231,271
4958,2750,998
407,2931,603
978,2754,361
3136,1192,257
1001,658,206
2156,2902,489
1807,3332,571
4489,856,887
3676,3124,722
1708,3285,891
1246,436,343
2736,1939,869
2136,1775,819
3021,1881,343
3727,3213,302
773,3120,203
2487,860,493
4375,3620,934
3915,2545,345
3327,3972,644
4132,4800,791
419,1493,229
1044,3141,657
1195,2349,683
879,2528,601
3249,1706,231
802,2547,985
4472,1927,432
1340,3999,859
635,300,931
1162,624,145
926,938,315
513,2893,750
78,2755,836
1121,3226,238
1241,3569,675
484,1006,994
3315,3319,594
2652,1678,245
1124,685,402
2409,124,940
1841,3372,340
3409,3982,912
3314,3921,634
2265,660,456
1482,3288,234
3305,3014,371
1454,4922,360
3019,178,925
2251,2520,207
1350,878,614
608,3247,320
1761,2627,959
178,630,812
4575,4438,737
3955,2853,491
4672,2698,146
4397,2013,846
1173,1991,259
994,708,491
3070,607,467
4528,1131,322
2288,1995,981
4638,4055,334
1305,4816,736
3303,3668,470
550,1913,577
4438,2489,568
2501,2400,568
168,424,603
3561,3129,209
305,2857,270
1720,3466,567
4622,1469,876
4765,2106,856
1947,3329,372
3642,962,871
1409,141,559
1119,4015,786
4251,455,167
3690,1039,221
4255,1660,512
2340,2369,116
183,3576,336
1880,2710,945
4529,2154,687
4324,1072,422
3090,1968,298
2472,1367,307
2151,925,961
1276,2133,641
2959,3158,358
2679,2482,872
1154,4495,747
1471,4598,714
4659,3421,737
4656,2372,192
1613,1542,936
1779,571,457
4016,162,645
1716,2701,984
225,2158,651
2605,3284,728
3502,2623,274
1079,4300,590
4034,4274,543
4645,2863,659
2069,2852,824
4557,4482,396
2549,521,403
1472,1244,768
4327,4522,517
1013,2175,743
772,4991,125
65,649,248
1412,4699,195
3403,2717,296
3326,1626,870
4830,1709,701
1675,24,622
1239,623,195
1744,248,917
707,2609,514
4623,4023,812
1238,2715,359
756,262,982
1701,2970,755
4479,1376,510
3049,1085,325
94,654,910
1403,3317,294
2120,1994,580
1011,130,893
2406,789,221
4562,89,697
2783,2127,692
4909,955,515
2149,3069,173
3187,1420,340
1774,3914,610
1236,3508,956
1909,3468,732
3465,1900,823
3197,2421,897
978,3007,195
1847,2811,104
2116,4554,680
4319,2203,919
4600,2839,920
2261,3555,926
1418,4120,417
4499,3544,434
3849,2838,195
4709,507,285
4701,3745,643
307,2715,202
412,1877,172
1495,4810,211
1446,1214,520
788,2948,494
1075,3459,774
4854,4937,965
1398,2544,335
1472,2012,966
2082,4258,536
2005,2356,991
3986,4503,860
1803,3236,373
3679,1608,260
1053,1120,137
4141,1274,188
3607,1471,825
1634,703,928
1594,3349,550
360,1587,343
1272,4425,948
4799,3703,897
3914,3020,510
3954,3025,657
2091,3160,632
2227,3079,469
1800,270,589
3334,4648,796
3381,3081,911
3448,2276,272
4565,1467,468
58,3113,307
875,630,200
4076,2198,902
2319,1994,125
1378,238,484
3244,2437,607
4934,3525,546
696,3360,601
1690,1820,928
1964,3299,164
409,478,417
1568,3423,212
2427,290,259
4085,700,753
2233,87,228
4955,2383,762
4836,4029,312
4113,3733,347
4131,296,623
1666,819,794
2927,4861,539
1417,3208,855
2406,1411,609
52,154,677
1838,4169,663
4488,76,264
4470,2219,499
3315,4950,924
361,696,921
3575,666,562
570,2811,392
1106,1867,896
706,4420,943
2063,3927,430
3718,3457,840
2881,3352,320
49,481,826
552,126,676
1291,840,683
2642,3407,343
2163,4749,939
548,350,456
1218,2582,973
3007,1089,149
4798,3856,593
223,931,127
3329,540,545
2075,1029,824
1666,688,138
3258,4369,714
3653,21,496
165,3724,806
4013,767,586
2209,2573,321
4520,1847,748
1525,1604,613
4599,2320,204
4713,4896,798
3230,2696,539
2577,3443,247
112,4475,874
3311,4116,989
2665,16,714
227,1833,188
3680,3236,379
3937,1224,428
1573,4799,845
1579,4150,273
4237,2558,334
4622,2274,737
1936,2956,329
1775,3034,572
586,1689,256
3558,1816,912
1752,445,577
3122,4804,100
1943,769,721
1186,597,558
9,940,428
2997,4200,593
2897,646,714
3109,2201,732
4641,3630,930
1489,1372,467
2265,878,373
783,391,258
3012,1296,484
1692,4788,924
3320,4077,913
3998,723,906
3009,264,936
1144,1486,534
4530,2320,485
1740,1036,793
4250,1841,376
2492,641,254
1569,4264,536
143,3073,269
2783,4660,373
4310,3065,629
1857,4101,471
3450,3315,806
4979,4932,527
2158,2536,453
902,3922,906
1552,2105,372
1285,1842,369
4807,2351,359
1936,2536,205
1411,4535,963
2970,2419,158
4134,2731,876
2329,1273,129
4100,707,694
2150,1588,505
1107,4220,680
2210,1146,406
32,2068,407
1455,1290,984
474,1713,251
752,4679,587
43,4611,637
4058,1087,172
2762,4567,336
4261,363,819
193,620,902
1314,4276,818
749,1639,258
2664,2480,297
4039,161,558
1604,2177,298
4762,2269,238
159,4316,910
2257,4636,933
3515,369,918
2406,3359,316
272,431,641
1722,4893,465
1777,968,815
4007,1969,149
631,1257,874
162,1284,587
3647,2607,374
3471,1484,120
3465,784,948
2900,1599,323
4974,1523,447
3924,2311,577
1948,2849,331
2247,4796,259
934,2782,859
2808,3244,972
4938,1849,844
281,3867,962
1914,1411,753
2647,1731,177
712,4374,348
2205,3550,464
2335,3551,728
3376,2743,137
2723,4659,713
720,1501,510
4244,1262,160
4169,1848,299
4922,3263,173
4467,1113,172
4958,1964,126
2828,3899,451
2689,4287,413
3744,4684,264
1264,3536,432
2430,4870,674
3754,4606,447
1740,3558,360
4771,3866,861
3890,760,609
3791,1432,650
4697,1264,517
1907,3309,666
599,4373,731
247,3539,704
726,4617,224
3126,260,550
3005,1738,597
1812,1576,907
812,1463,587
3000,3419,998
3739,4438,806
774,2356,320
755,3905,191
4326,3997,356
1905,1828,236
3690,2633,724
1049,2900,162
982,4864,312
4310,3456,543
3739,161,691
2502,1543,582
30,4292,760
403,1510,735
3689,3502,835
1319,3842,294
3765,3328,392
4119,2066,975
463,2108,875
2263,2483,182
203,4235,413
4526,4823,971
916,3546,310
3666,3954,817
1743,2432,889
2928,3285,184
4463,4416,486
3780,996,477
1436,3931,168
2502,929,824
441,1312,101
2738,3532,906
1503,4916,186
825,3213,537
186,2434,687
4879,4392,372
4720,4258,457
3889,531,406
3113,4712,588
2641,2995,298
899,3576,300
1934,779,299
529,4307,130
757,962,632
3560,1910,795
710,3097,794
2641,3123,592
490,2817,425
1218,3399,775
1880,399,875
389,4735,430
4889,213,326
4163,1380,602
2062,3675,728
987,679,783
1247,1669,478
4185,808,770
1345,4606,611
2807,3155,666
925,2708,949
437,93,871
4745,3709,303
2595,839,227
2599,3962,462
1229,3032,812
1260,820,236
3032,2641,205
2350,3353,555
2668,1668,830
1295,4027,682
1928,720,713
371,1757,471
2115,1419,666
3468,1219,681
653,3408,619
712,3473,979
3301,1280,440
4020,1278,829
692,3771,739
1531,3318,526
3369,4025,922
198,4909,925
331,2317,942
724,2213,359
1974,2556,197
475,3129,622
1006,2353,327
3378,4484,419
558,86,572
1674,531,927
4193,548,188
2304,4625,117
2465,1367,386
3244,4536,523
3566,355,397
3374,2289,958
352,1134,234
1716,1952,944
3697,4620,613
2198,4771,880
4425,1400,916
491,1561,943
3467,2798,197
905,697,304
1073,4799,718
2192,1205,227
2833,4944,570
4778,4597,556
2641,3322,369
4182,2261,255
624,2804,434
3785,1858,656
2862,4635,613
2457,645,193
1955,4695,179
2320,3476,582
4799,2366,230
3275,103,219
3217,2397,354
3229,1995,312
2778,3947,454
2842,3215,504
4210,1974,359
1962,1258,668
80,2870,381
2253,2183,616
1004,4585,319
274,150,718
2409,1657,347
700,1631,911
2421,3100,232
1507,2382,266
4775,152,850
4088,4484,606
4938,1920,184
1402,2386,348
2861,2088,580
1663,710,856
520,1458,440
4185,4430,689
4215,1013,958
2,3770,784
2171,1727,520
4972,1332,628
552,1805,632
1734,157,554
463,4560,318
4879,4503,410
3225,1656,917
194,2315,585
2593,2329,438
2269,10,489
728,3805,518
2938,952,769
2468,3237,528
307,1623,966
264,182,244
3209,3968,525
3425,2454,156
4368,1990,972
1983,3688,895
3283,3320,559
249,4534,445
1611,4741,849
3974,4213,415
635,2218,354
1744,243,699
7,404,710
4557,621,952
2422,388,129
3523,213,121
4686,1385,199
4002,1895,114
550,4067,502
3524,258,375
4934,3844,892
3843,1214,762
2026,3714,799
3930,3854,293
3977,1436,571
1341,61,234
4300,4706,476
3095,4039,331
3844,2470,801
2783,1907,289
1131,762,661
1306,4016,657
3300,833,354
3985,150,696
1345,1520,893
2758,1101,303
3098,4681,754
699,3189,668
4867,579,356
4988,2104,875
4483,3602,277
1810,4951,727
2407,1993,817
307,2908,355
4454,2984,189
627,1357,627
2585,1032,190
2344,3019,603
342,1888,398
3378,3630,941
1306,3127,671
2519,2276,470
4371,3195,876
4816,4188,310
1873,2119,678
3829,3544,347
1011,3125,994
2653,3308,166
4197,1100,493
1542,1570,264
4160,2903,235
3444,1227,329
4877,3891,774
2644,124,372
1897,1962,238
2667,2671,390
736,2053,443
2517,3308,259
3782,4316,906
4222,2284,528
1992,4234,533
1889,1786,468
4870,559,616
2300,4131,151
871,4817,226
2431,2267,454
204,2846,560
3873,2095,209
763,4656,177
4831,3687,966
1766,4891,352
90,2831,423
497,1053,910
773,3217,720
3054,3751,876
1148,3574,851
4620,4055,854
2202,2167,456
3079,3957,736
3091,4994,504
970,1389,129
2785,4469,358
187,2809,846
1755,4987,667
137,3447,781
1003,3124,819
738,2256,771
1743,3001,825
3442,977,477
4881,3511,988
404,1771,595
3381,1250,116
2261,2493,498
2377,2599,529
3100,1673,298
4872,3765,105
1194,3583,358
3163,2668,509
2309,3156,887
1648,2299,894
4163,1434,519
1046,2165,947
1493,3562,987
1509,1222,580
3582,1732,358
1457,1836,829
3101,1811,409
4804,4102,217
4550,4890,657
742,310,944
1253,970,582
1444,3166,440
4348,542,177
2338,1498,677
4567,1770,422
1946,2597,989
4157,2894,342
4970,4969,239
2584,884,827
4762,2005,328
38,4991,660
1569,2453,621
525,1408,955
1548,2234,259
381,4498,663
3522,3467,292
1036,1921,980
4810,3495,464
533,1642,642
2567,298,723
541,456,742
1111,3267,270
2250,1305,928
267,2386,707
967,225,343
3972,2247,564
1720,3496,987
4618,2869,776
4224,1813,369
4019,1199,264
1619,1447,591
1072,1003,468
816,4883,668
871,1729,501
2750,670,472
2082,669,128
534,1112,781
628,350,353
2895,4470,196
3773,4711,214
1203,1081,671
1084,2940,975
3044,2964,541
267,4001,497
2691,3074,113
1093,3213,587
1896,189,251
4175,4490,750
946,4339,284
2448,1842,127
1528,1414,425
3171,1696,154
4457,4112,999
2868,3524,590
1330,4351,832
282,3951,209
409,953,183
4770,3701,933
4895,3274,849
4692,4756,283
87,4787,395
4611,3744,281
1355,595,729
239,2044,122
3304,3146,235
1138,643,834
1767,800,190
1479,4581,487
4581,4722,600
3633,3673,769
1058,2255,888
4068,4067,497
2103,127,795
3957,1744,633
1300,1968,627
2344,1680,855
3110,4835,426
4612,973,647
254,2653,420
4958,3169,711
2515,4234,378
242,2592,838
2656,3313,311
2140,3030,436
1572,2534,946
4571,3050,623
4307,818,870
4631,2363,250
354,4356,343
1252,542,877
4120,2648,932
2250,4855,854
2463,1575,337
1377,3073,188
4627,3066,803
1462,3210,887
5,2401,976
1060,1343,913
1415,3067,700
4835,3322,412
4814,3926,662
4076,4503,905
3421,2711,228
4454,33,546
1190,454,414
4958,3657,766
3482,4572,201
2974,2402,429
1074,2652,526
4233,2705,762
3738,335,917
4538,3404,957
1013,3336,555
4040,626,138
789,1609,972
4831,3676,919
2518,100,511
4156,3745,324
744,2678,670
3106,2496,943
2819,4034,819
741,4492,621
101,1764,743
3838,776,220
1910,3353,149
513,1780,196
3658,1920,691
4568,461,471
4952,2507,388
2466,1793,744
4033,4275,789
701,464,290
290,1546,177
1788,66,501
3910,3660,674
850,239,370
3994,4314,193
3597,927,547
1882,1005,155
4922,198,194
3828,2615,738
3735,2505,640
382,2574,296
3590,2230,740
4606,897,196
637,46,845
1031,1324,107
3729,4646,642
4349,3116,297
1196,427,830
2010,1291,805
2335,1082,408
3938,4226,900
3793,2763,390
3323,4875,713
3562,1475,483
980,3256,345
3554,253,623
1388,2726,446
167,228,180
3655,727,506
1967,3107,935
98,339,404
4088,4150,981
341,1133,728
1219,1934,731
2097,596,126
1917,1703,776
4915,477,352
3078,4471,143
2384,1617,104
3635,4640,833
3210,2303,643
2915,1498,470
3519,1905,464
2917,2648,797
2011,1620,648
2109,2979,687
2672,1413,221
3937,1020,354
3853,4814,762
3932,2650,333
3194,2357,869
1061,4642,946
3401,2797,386
335,2026,814
687,129,282
4391,2440,972
3261,1855,214
4108,2520,669
35,3811,219
4175,3832,351
2262,1059,821
503,2840,890
898,1493,813
3541,11,275
2174,1323,952
1514,459,574
2568,411,453
3789,1801,975
4267,1291,850
4401,4691,847
3983,1340,842
1840,4224,489
655,3014,398
336,545,668
732,4578,304
3870,3598,250
1178,4839,220
3795,166,292
3950,4559,722
3988,1525,379
4396,2502,578
3289,4348,496
3418,3272,934
3850,1043,722
4195,196,464
3475,1702,957
2165,3792,754
1303,2079,235
76,255,608
3682,3268,534
4727,569,228
27,1207,765
744,487,487
1053,1384,866
521,110,693
4274,1083,251
4408,195,433
3196,3183,263
711,3569,316
783,2976,388
4372,4531,552
284,3737,298
4144,1430,216
1098,4349,184
1684,4970,348
845,486,633
4642,4325,496
2693,1804,672
4333,1958,646
4546,2654,445
75,2100,328
1743,3425,326
3603,4788,828
1105,3741,698
2610,1899,295
4100,3127,241
846,3887,211
2635,1157,572
4116,1903,227
1610,3590,429
3663,3278,475
4972,3667,619
1322,103,628
3380,660,240
4521,3914,535
450,4871,621
1722,2623,233
2109,1814,176
4524,2410,516
1551,884,549
4435,3518,280
1942,2677,466
3071,2166,899
3113,1825,746
606,822,508
4183,3373,204
2110,3427,577
2038,2392,579
3052,3424,226
693,2838,315
4648,190,817
892,4446,139
2474,3411,434
4366,1734,599
4830,490,605
2355,3712,112
3450,1803,806
116,606,501
1658,1040,895
2915,2984,310
3182,639,332
4512,4314,943
4816,444,860
1445,4772,589
2286,2954,166
1965,870,129
4972,2623,899
635,4958,222
1610,883,810
910,4315,312
1180,1010,513
1877,953,863
4019,4605,169
3273,4170,515
1998,2801,106
4311,242,399
3331,1609,866
143,3965,612
3032,1235,433
2452,3234,737
2111,1069,262
4618,2548,487
4001,4666,862
1663,3773,821
2884,2716,372
2363,1968,343
1942,3920,672
4220,1072,453
4252,2268,699
2094,19,863
522,4551,356
2476,4683,144
4195,3637,567
4937,4926,553
1200,3487,904
1477,4403,303
3474,3281,175
1812,146,799
2273,2216,181
1311,1196,463
3184,1051,756
2202,2457,433
3968,1258,961
3659,775,962
3138,3675,262
27,35,366
1319,926,437
859,1714,373
537,392,592
2611,1759,661
842,1984,853
4823,2773,143
3770,4268,781
461,2877,246
1235,2300,979
4173,4527,308
2749,165,785
2109,4909,122
3498,3586,990
3011,3161,387
1949,4678,398
1885,2654,478
1749,494,981
4394,4199,243
2705,4582,726
4418,3651,480
1286,2193,307
2661,2598,969
2540,1786,929
3230,1102,793
421,3091,658
634,3203,129
4171,1604,120
2176,218,779
1213,4483,384
4434,2468,185
1496,3212,928
2576,3080,537
3121,2638,867
4018,2471,849
3066,1878,885
1833,2001,865
1642,2826,150
2692,3248,139
786,1168,727
264,3412,314
416,1491,363
1040,3730,938
855,699,152
4105,3937,250
4962,1202,923
2591,261,198
2825,717,485
51,1699,490
1035,173,179
923,287,334
2191,2640,664
2113,471,228
1507,4656,341
3331,2899,244
313,3772,644
2296,2989,882
1548,1476,316
2142,719,635
3695,4098,202
1021,1775,477
3215,3075,284
2916,4257,679
1294,3256,128
4420,1270,498
1083,3397,350
2523,2455,813
4268,4929,359
4662,2514,671
2287,1552,788
4404,305,558
2253,1074,588
2291,3233,823
2908,4768,364
1361,2035,674
3455,3432,846
610,3160,756
1226,4104,719
244,839,508
3336,4698,795
2727,2922,214
4076,1265,695
752,4156,706
2999,1500,589
2160,2154,957
3461,2844,665
1829,1675,741
929,2238,253
1156,3750,234
4115,1162,920
252,3592,585
4700,3602,823
629,3338,592
3749,2780,946
1295,1244,554
719,4334,199
2772,4725,466
4155,2387,729
2846,4555,802
376,1640,677
408,2387,637
162,4091,904
4138,4407,932
1080,1530,671
1215,2874,518
1695,2660,637
3926,806,388
4864,1132,544
2875,2751,373
2523,3605,739
2545,3936,540
1610,147,747
3267,80,471
1463,3170,455
1032,2232,652
3899,3198,460
4856,222,667
1667,2298,477
2167,335,205
327,4054,643
64,2552,652
4507,205,792
3192,842,377
430,4692,880
4366,2466,494
3778,2743,456
2775,878,917
189,3148,895
2274,3680,109
2992,1735,647
4748,4130,964
2869,2034,399
1168,2356,426
4646,1895,846
3595,3006,623
2667,1379,101
4197,4759,375
1027,3629,883
3673,3311,780
2695,4337,264
1069,209,286
3033,2301,489
324,3226,778
4763,3561,225
456,4081,434
1227,361,721
4583,514,615
3737,1261,310
3308,3456,587
1938,385,187
2445,91,336
472,1520,840
2997,3877,544
1346,1101,833
1723,1033,888
2384,4514,424
530,3916,473
2496,2561,549
3599,17,505
2694,1571,729
4923,3376,554
2203,175,531
909,4089,435
3777,4158,469
3900,1569,845
398,3990,458
3476,3701,232
4375,2622,600
2934,3875,634
2259,4725,570
1154,4600,410
725,4805,281
4443,248,533
1932,2684,881
4467,2671,504
2910,1679,734
3610,4774,776
2136,905,254
990,1564,685
357,1977,375
2166,4208,180
495,3215,859
3462,839,311
659,4117,801
1441,1145,896
2731,3942,554
2616,2959,973
1279,2212,536
3878,2814,905
3122,1866,230
2681,4609,908
2039,3323,766
3855,2029,352
262,3802,614
3762,3164,157
4029,4105,548
2115,3560,497
1057,433,850
1097,4232,200
1274,2202,480
843,4234,304
4637,4837,453
2527,1603,382
1772,2134,912
3248,3774,123
1145,2828,413
4515,1753,349
3380,774,785
3873,3872,390
4487,775,643
2252,4690,646
4246,1917,439
1940,1943,250
4944,136,389
3486,4411,819
4219,495,812
2043,3144,847
2662,3665,511
3361,1228,483
1973,1400,581
3014,1343,646
2428,1809,863
1514,3765,478
3043,2277,362
512,3675,114
133,1559,586
4933,3616,551
701,1038,739
4254,3496,798
3955,2700,476
570,4103,187
4578,4390,932
2790,2358,595
2554,292,249
1360,192,895
4928,822,985
701,2534,264
4847,1486,396
1901,3387,398
1224,2424,799
455,2895,484
2042,2756,910
110,2429,253
4378,570,456
3395,1100,870
1888,3470,657
4470,3037,753
1999,4336,473
2583,4032,628
1548,2931,528
4607,1628,499
1339,2014,468
2925,471,665
1678,3458,730
1901,4112,389
4808,747,724
4336,3312,642
622,4618,399
2828,48,876
672,4974,722
2980,1841,810
3174,3159,989
837,3178,604
679,3822,231
4248,4630,553
3855,257,705
1201,1102,841
534,248,341
4231,1198,262
4343,2484,295
2251,143,748
2355,1464,793
1776,1830,470
587,3408,354
982,2370,137
4814,850,958
705,1314,473
4707,4639,823
729,3096,970
2610,3166,683
949,1912,334
496,3632,721
4691,549,171
3814,2446,191
4421,4815,857
4535,3762,366
499,1547,160
2291,2651,774
4159,2856,377
1572,1258,210
4478,3076,927
2811,1885,976
309,40,689
191,3672,798
4236,2905,336
926,4440,307
4983,2816,368
966,2435,547
3022,2622,414
512,3883,632
2844,2910,183
2040,1779,505
4349,3819,390
3830,4194,537
2021,1580,555
3674,575,708
2086,2348,319
2427,1877,367
750,4445,308
4723,1888,301
448,4087,662
2840,1633,746
207,3772,609
2220,3612,128
4296,3857,501
1427,4526,991
1618,113,931
4336,3499,885
388,2531,260
3943,1583,310
4662,3843,878
1149,4626,701
176,2817,174
4343,4362,856
2179,4841,973
1663,2100,327
1150,4337,861
2152,1173,908
2002,4951,572
1163,4714,232
2861,931,848
3538,80,749
1958,2394,196
1234,1324,936
1397,112,662
202,4041,605
1680,480,623
4822,3300,394
1284,2829,249
540,565,678
3750,4625,496
3449,2354,427
4408,4506,591
3989,1360,108
4203,4535,486
3560,3980,387
87,3735,358
945,3093,612
2185,4191,807
205,2861,587
362,3535,642
3363,4612,677
984,4816,666
4299,780,831
2951,2252,729
592,3431,154
163,2743,999
3102,4686,139
3344,2712,237
3157,2121,339
3056,3335,339
1358,2602,505
968,1509,344
928,4436,235
470,728,939
2661,4316,362
4474,1980,733
4348,4460,355
2506,3727,187
2014,2335,746
723,4382,473
2529,3805,951
3348,1485,130
2761,1325,271
2676,3855,994
3324,1857,423
4066,583,220
1334,4370,187
1188,1977,278
2675,2734,225
278,3904,410
2015,4972,872
3024,4243,827
1847,4614,487
32,1300,172
1805,493,467
4425,2955,392
1491,4853,137
1864,4705,963
1117,1011,911
1302,4533,322
862,1716,544
1061,3079,210
1211,4963,840
3553,1322,757
3316,3913,411
1185,107,604
4754,2697,481
2098,780,195
2275,1619,185
1614,4271,303
2085,1786,669
819,1014,883
4558,2095,546
2776,3682,736
900,374,991
2479,3422,307
1272,2516,191
85,4327,936
3806,1522,995
2581,3985,808
3580,717,752
349,261,180
3406,4700,986
4484,3494,566
544,2154,519
683,96,977
917,1991,317
2640,2405,563
2519,1430,876
1415,2203,927
4795,1057,132
2784,3553,182
1441,251,261
4856,4381,458
174,2626,858
1150,3618,699
708,1491,333
3960,2123,419
3460,921,220
3607,568,185
4452,563,742
3192,2065,782
412,4637,417
1954,695,282
1479,3842,756
214,2424,660
4059,3769,163
1807,3555,906
1026,1639,110
3948,2695,484
3512,47,962
2020,10,390
631,4605,420
3421,1978,195
4016,1313,975
335,3325,944
1969,4226,597
3943,3715,613
3709,1518,187
4475,2428,816
2643,1346,910
2207,985,601
4335,2429,408
3607,4668,678
4452,2331,514
3890,3282,852
3025,4175,722
2820,2597,184
2689,4570,309
2937,3031,829
1774,4210,613
3925,250,576
4432,1722,765
684,4043,669
972,204,827
2993,3685,394
3456,861,713
1395,4329,715
1162,4965,879
4793,4649,562
1343,4266,277
2362,4272,947
482,2073,606
639,3268,985
3214,1572,476
4928,4361,395
2796,3753,265
1800,3114,981
2666,1799,943
579,4930,787
1362,2821,274
4816,4541,571
4345,1257,453
3120,850,761
1065,1335,723
4140,81,659
1609,4680,381
661,1771,973
4287,458,588
2997,986,260
4520,2629,493
4216,4965,858
2330,4121,594
2575,4313,966
753,1955,977
1214,2653,577
3131,2994,798
1506,1499,221
4346,3850,983
2764,269,307
342,1298,158
1481,4506,599
993,2396,898
14,146,639
2415,2008,412
4206,2288,199
2952,4318,300
1954,3848,416
3777,1909,188
4623,1423,925
2373,1818,842
3027,542,729
66,3683,900
2417,1770,880
3860,4328,679
2880,2987,968
1239,1193,157
2062,57,507
4701,2982,491
3587,4356,611
2930,4399,673
2846,4543,590
850,550,923
2640,1136,290
2869,2890,384
3231,4600,228
24,2290,945
4610,1128,589
4017,559,247
2875,2374,402
2570,3520,774
2785,4968,431
1117,3070,571
1926,3727,898
4233,1593,950
4431,3260,652
1996,3197,631
3011,4736,626
3658,36,876
4757,1100,202
203,2442,176
1189,2091,298
3671,3856,239
4221,2255,518
2734,1944,696
1727,997,174
2279,2561,418
4974,4588,415
2846,3785,447
4363,1345,792
4107,916,936
980,3947,533
617,2075,683
1160,3344,580
275,1420,256
2686,42,638
4666,3681,929
4395,4171,385
1231,467,508
1065,1216,644
4361,1015,184
1229,2881,966
907,3422,475
4355,1063,201
379,3528,754
4370,4962,858
2142,3776,943
223,808,334
1365,4769,395
3670,1170,151
4677,1738,243
53,4335,204
4200,1702,667
291,1438,428
4463,1411,213
2178,3502,631
2680,4979,880
1011,132,984
1472,2099,193
1340,4031,881
3884,116,121
39,1622,439
1863,1745,684
4703,2810,966
427,4489,252
3783,1673,578
1454,1741,487
4877,4688,285
1094,3056,205
333,3730,202
4690,3282,920
4802,3423,958
3073,94,162
3004,4159,621
3936,2270,600
1624,921,172
2751,2147,461
2473,2354,557
1095,2654,282
1713,3141,836
1645,884,467
1249,47,432
3259,461,822
1066,1065,748
4810,2574,917
4051,3981,784
2675,1283,409
4376,3211,111
872,193,576
642,4550,821
3554,835,878
2428,1880,990
1673,2977,245
2923,1887,996
3643,2919,192
1732,1252,766
4638,4553,386
1460,2210,697
852,3143,334
4269,414,576
2898,4091,500
2459,819,280
2825,244,704
4023,2546,732
4080,1315,230
1351,2830,119
4426,2732,469
278,2027,568
4228,376,260
3827,792,473
343,1914,238
94,4441,315
4696,2048,239
3550,3920,110
4086,1832,132
1786,115,382
1766,3512,181
675,1889,629
2345,3511,704
2927,2641,657
1785,4106,533
2876,32,212
3767,3585,769
2338,1734,265
3286,1564,859
4937,3521,500
2200,3474,528
2465,1231,126
3232,2828,369
3895,1254,196
3711,3082,296
3405,864,415
4477,1274,440
4204,4712,723
1548,4937,379
1927,4000,752
3964,4470,367
1679,1405,367
4969,4590,997
4372,2354,519
4876,1103,663
1625,86,302
2272,136,233
3837,1856,994
2799,2241,175
1628,4151,646
4402,2286,739
219,602,619
1201,1051,912
3088,3047,890
2226,4580,316
3642,4677,193
2214,1230,413
4001,2544,121
71,225,746
1253,1869,207
3840,2230,357
784,1900,106
1556,1552,760
2837,2970,556
1651,3872,595
9,2203,528
4696,2594,546
1755,4132,908
322,4563,415
3770,3164,550
117,1428,785
1092,142,416
4158,3804,412
895,2333,968
66,1033,877
1909,2047,644
250,903,796
164,3486,900
1269,4775,154
1052,2086,958
4468,2181,961
4237,4796,161
393,1647,969
1097,3393,495
3878,4301,882
3744,3592,631
3554,2459,936
787,1962,933
3070,3532,284
2601,4197,988
3656,2997,293
3165,1663,151
4874,1340,421
1602,3429,204
2037,3939,140
2655,4365,928
3863,1409,531
3807,3272,490
1039,3712,141
2907,2088,282
3656,4133,424
844,3430,664
4669,2528,786
1336,2653,879
600,2540,731
2922,1955,466
3797,2974,613
4765,531,134
1461,1442,991
468,442,525
590,2951,863
1995,104,782
2005,647,539
4343,3905,375
4459,3961,762
3085,3548,858
2731,4191,416
4422,2742,419
1526,796,798
1723,4224,795
2734,2950,322
4308,2611,946
2744,2109,802
1081,753,349
379,2875,164
3450,4159,883
4605,925,571
1391,576,260
3405,534,170
2819,2288,109
939,4769,499
3074,4244,930
1789,2372,164
3096,3106,620
1362,1756,600
547,1570,723
982,691,946
3162,3969,285
247,1125,991
4343,2297,198
1715,1706,285
1700,719,748
665,3377,494
3035,284,343
3780,1562,328
1856,424,899
1238,3315,146
89,172,323
3527,1697,226
94,4403,511
3364,2036,600
1444,1541,860
71,68,402
1107,2093,658
911,941,704
2849,517,241
4875,1341,849
2560,3229,197
2196,3927,875
974,726,888
4944,3429,895
4638,1344,112
2962,4006,580
2772,2972,136
2005,2506,420
4547,998,434
4099,1002,803
3539,724,623
2551,2885,261
1785,2273,327
2137,1529,890
1355,4512,848
3417,2929,578
942,4399,278
3645,1779,492
2346,1319,905
487,216,102
1030,2723,152
3905,1144,190
1137,4441,985
521,2763,984
2786,3774,464
3505,938,259
1234,947,392
1708,3857,776
546,4543,294
2462,4095,204
2543,4213,787
1940,2728,861
3504,3236,659
1532,637,905
3135,155,163
3367,4708,443
3501,952,636
2604,1263,880
2791,1069,123
4698,4586,890
890,3510,745
1547,3664,200
2214,163,123
4207,4807,382
2353,4340,372
2112,4965,967
4731,59,804
2475,1931,881
3992,1628,359
2187,4986,140
4529,3865,669
2049,2323,123
2421,3746,548
3219,2960,433
3710,4820,680
3215,651,626
4140,1698,590
1420,4856,938
354,778,799
281,4787,828
24,347,148
1189,316,632
2973,3246,651
3908,1723,352
393,2645,443
3804,3978,616
59,821,161
956,4070,260
4792,2995,806
933,4018,388
3405,125,204
367,3150,404
4224,1164,984
4631,682,958
292,1346,734
2621,2712,827
4683,4062,886
2838,1575,935
2596,953,828
3418,1699,391
852,4049,347
3643,4084,664
3669,274,858
4053,2246,342
1004,2693,504
1962,3705,266
4277,2208,645
2207,2019,908
2951,752,978
4719,320,415
1943,1521,130
2333,2046,648
1753,81,675
3211,2731,238
3910,1026,914
2779,1802,881
3260,2035,411
2508,1381,963
3482,4818,845
3542,1072,260
1798,1485,386
1565,2289,344
3620,1998,884
1864,3885,298
1913,3734,904
3390,3392,121
1836,2673,372
4920,1461,444
1988,3356,820
4087,671,973
3411,1201,240
686,3231,512
1779,4768,339
1955,867,423
979,1340,403
4982,1342,692
3736,911,826
1925,2819,427
4050,1236,862
2267,2059,122
3245,4962,138
3967,135,590
2292,1949,998
4686,4707,475
838,1434,881
2384,79,282
1905,3868,562
212,580,736
4123,3986,810
2029,4622,670
3201,3135,122
2620,729,685
3231,3800,728
714,3358,888
4800,4987,478
2477,223,354
2868,1268,369
3928,4078,787
4767,4969,286
3342,3771,719
4812,3522,565
3217,464,460
2782,2220,296
3003,1832,938
3349,3970,159
38,4096,869
3088,3637,999
3240,4233,160
4800,4156,260
4624,301,823
4590,526,944
4752,4037,469
5000,3513,707
726,1783,646
4209,3405,628
4064,979,240
1181,212,480
378,433,708
865,627,567
3584,2196,530
3828,1622,416
4634,4644,663
4864,4448,659
3263,1977,539
3507,3105,408
4931,4306,468
3260,1273,418
1945,1055,431
2476,3060,688
2040,4916,671
1804,891,359
953,2213,231
818,459,965
573,3312,667
1587,3270,234
593,103,252
2643,4401,176
595,717,131
2420,4443,268
1405,4783,161
2785,1100,765
2827,3169,570
2844,3339,650
3784,862,505
2979,4422,128
2488,1504,471
2299,3180,590
2789,4025,534
2952,559,519
1701,736,479
4845,4259,360
3440,2883,652
3661,2123,747
1965,2147,603
149,4972,491
4359,1706,299
4858,4614,229
4452,3166,172
275,2107,923
3892,3089,561
1443,118,481
1735,3655,720
3228,503,546
4767,4059,331
2222,154,641
3052,2451,531
4757,4085,738
3880,1956,499
1673,3797,876
1050,4511,433
2918,4931,658
4842,118,902
3506,1892,224
4538,1061,164
854,1320,165
1253,1517,432
1065,2749,458
1925,3835,613
4374,2841,226
2090,3052,809
3461,1702,884
3870,1769,189
1014,2473,608
3375,1975,576
4480,1941,847
4737,2338,987
3658,2903,776
4204,4046,683
3965,4546,604
1350,505,864
3701,3731,883
858,3016,777
3383,2181,179
1988,2705,732
133,4987,654
2190,454,859
5,964,585
524,2441,710
1125,3490,407
3896,2132,716
1504,988,186
3509,597,415
2054,2008,969
773,341,263
3325,4349,678
1314,1643,189
4446,3695,165
4606,597,640
1073,4059,858
1688,996,533
803,3942,213
2679,3083,598
2370,947,219
1590,4646,306
2615,4170,886
4767,814,733
1204,2098,953
2239,4931,694
3778,3989,669
1148,1057,805
770,1357,744
2202,3306,111
1447,3480,214
1115,2332,587
2813,2321,644
2484,3189,632
4284,4620,140
3204,3177,929
1677,1208,691
3654,897,948
233,2768,225
3006,1384,577
2755,2620,583
4788,2289,404
3470,4115,167
566,2311,263
4397,3572,966
2997,1875,300
2762,4124,648
3934,3294,627
4204,4206,544
2196,3252,316
4643,1850,849
2249,4113,246
2058,2188,323
52,2146,771
3378,4460,633
4186,1842,635
4250,4024,824
306,1325,331
3569,3134,446
1007,4017,858
1213,2711,145
3731,2274,198
963,3619,522
2167,2892,417
4422,4692,860
3227,1966,781
1806,2052,206
2349,191,477
368,2532,823
2284,3862,469
4127,3738,275
4056,1952,956
4060,2604,652
675,4874,635
3159,1167,177
607,4537,394
4303,4432,560
2346,179,370
3391,304,720
2716,2208,276
135,1707,222
1548,4610,951
2478,1833,637
1543,1368,478
2951,2523,609
4877,1760,380
2450,1308,581
3299,1207,604
4014,3727,515
1009,4221,331
1763,1721,659
4980,1806,180
3952,4560,605
4192,3591,432
3810,3694,429
3298,536,912
2934,1726,661
1159,3608,672
3020,3151,762
1565,2345,766
1782,2788,447
3427,3277,204
2354,931,388
2559,1067,855
1942,3607,448
248,506,989
2929,2152,625
2753,2537,939
3156,877,179
3082,928,165
1706,3607,542
1989,4678,731
3747,520,267
2538,2199,793
213,2938,568
1309,3489,309
2735,2359,660
2500,2650,448
4012,3584,720
622,3682,396
640,1607,751
3593,145,144
486,3657,399
4261,2802,691
4756,1947,613
989,3409,241
1036,1114,360
3104,220,229
2468,1595,228
300,668,537
901,1646,507
4833,1303,641
3413,3273,327
3677,4888,539
522,3357,477
1976,2767,308
782,4425,247
2818,1900,278
144,4562,764
1171,3449,352
1495,4835,157
4404,536,908
3741,2537,867
4936,3151,878
1430,2837,880
813,698,119
1797,3166,685
4453,482,238
4053,3723,909
2626,1345,110
3433,1436,385
5000,2729,360
3381,3307,569
438,3303,524
2588,2159,630
549,419,172
2106,3127,303
309,4174,319
3697,4391,705
2389,945,771
568,4690,151
4234,875,748
476,3587,520
453,1815,315
3221,3257,485
2512,4792,582
2341,3643,952
1126,4136,893
2541,2197,315
1374,604,313
3924,4253,931
1087,1918,430
2871,3255,834
4483,4080,695
799,914,996
3816,4356,709
4729,3407,593
1294,411,699
770,2529,192
1186,1848,623
409,466,806
2142,2309,296
2965,4335,754
576,2640,649
798,2892,170
1665,2064,630
3598,2135,696
4708,975,848
2909,2147,918
1865,2653,961
1868,1030,472
1688,3567,919
2810,1211,690
2565,1849,958
2292,2746,184
4129,3157,406
2314,934,138
1278,2317,639
4354,3649,570
68,679,980
4243,3410,699
1132,119,386
625,1254,177
3323,1936,447
1771,2874,616
2231,2474,979
2916,211,454
2568,4622,996
776,371,799
1526,4212,914
4636,4784,576
23,1428,113
136,110,424
2033,3460,690
2773,3668,472
636,1568,486
4305,674,380
303,4417,160
3711,595,484
872,1966,933
2980,2712,398
191,3266,643
4903,4856,325
4425,2120,967
3884,3342,778
970,3478,586
933,3210,1000
3001,1175,528
134,4093,705
552,4665,228
667,4840,709
2908,1644,786
4112,95,780
2456,1397,238
393,1435,121
1016,3481,715
4930,2641,872
330,3429,403
240,1338,553
1612,2357,747
3859,2908,433
1298,1750,687
451,1373,440
3244,2576,485
1346,2234,756
3662,579,665
4211,2512,684
2578,3449,405
1146,2990,855
3352,1885,295
2519,4746,857
3624,717,664
1480,4977,121
3248,2326,234
2398,3859,648
4980,4751,221
2516,77,986
3300,2288,822
1658,1055,400
946,3112,272
3632,2940,142
3764,1343,555
2246,3637,191
2176,2592,611
2993,519,600
464,3347,157
1225,3175,675
3147,957,674
329,4944,132
1240,1055,478
3301,4665,393
4177,1367,294
4430,878,538
604,2725,772
3542,3832,870
3910,4112,792
3035,435,397
3440,1495,719
521,3433,992
3959,1092,538
601,2496,286
4769,3153,852
3454,2966,941
3083,129,155
2799,4681,382
114,3902,613
771,1869,737
4179,3444,859
2658,4620,529
2461,332,192
2493,223,345
29,4057,567
2812,1268,852
3372,1991,765
917,1943,984
1788,4193,755
3703,94,753
4418,1154,236
4464,908,257
2315,1191,797
3318,2722,139
1944,733,533
3036,3321,159
1600,2268,902
1179,3579,790
980,1872,561
3551,3159,403
514,3532,325
1185,4508,653
4859,2912,725
356,1842,332
2847,1526,345
3096,4899,266
1947,1890,256
1180,268,120
712,3002,994
274,3,171
3928,4843,461
3683,4448,176
4523,3558,903
995,2685,709
4043,1023,173
3092,2100,307
2232,193,460
2807,709,323
3090,36,653
1540,2123,838
1417,2174,807
477,333,218
589,1180,252
2797,1391,714
3495,2989,719
1814,455,579
1852,3357,201
2066,1965,994
1927,1592,973
507,1586,849
4082,1031,483
2989,4926,516
1601,2137,750
787,1531,106
1581,3015,647
118,3087,753
3456,4905,744
1239,3242,536
3808,3677,893
1346,1731,511
2668,2203,314
3876,3265,278
1647,1339,577
3011,4130,283
2943,4158,523
405,1170,432
4262,4374,631
1318,3747,183
2358,1429,968
1977,52,283
3303,3912,748
2246,13,413
3795,392,929
1279,3362,953
399,703,616
4516,3788,987
2157,935,321
1341,2629,593
2532,2434,233
891,1011,744
3789,4705,958
4642,806,457
1946,318,453
201,2357,141
1818,1441,695
2257,3560,441
773,1945,470
1170,3509,670
3304,357,842
1319,2019,968
4364,1204,587
1729,860,997
4035,3089,810
3859,4793,519
932,85,195
2697,4872,883
548,504,896
1181,2548,211
1086,1416,352
1171,3308,522
1328,1708,656
3666,4784,866
3735,2450,466
1917,268,730
3916,4126,389
320,3632,145
456,3621,160
3483,3936,311
3711,1742,340
2394,2497,848
4260,2786,209
1340,4845,222
1898,1572,955
1548,2631,367
2024,2987,883
4112,3085,661
4253,263,958
2790,4049,423
2606,2977,664
1771,1178,327
1776,1657,780
431,2418,992
1473,150,236
3559,426,509
1104,3355,542
3633,2241,463
263,3671,284
3589,1460,739
3992,226,739
1380,2845,273
2098,4264,972
3568,3165,483
3343,4819,217
4076,1774,499
2577,3265,930
1195,4923,513
2587,2675,396
1938,1416,951
2072,938,353
4635,4396,571
1788,1535,839
1537,4550,201
4482,4797,484
4055,3105,500
1338,802,462
3824,4416,299
4964,1888,930
1266,3729,604
1225,4441,345
3045,1050,921
147,4112,487
4651,3164,130
324,4022,214
1264,2580,449
2360,2213,242
3648,1593,936
4250,1605,931
4451,2628,829
1749,3561,800
3053,1547,202
4109,14,725
892,325,636
513,4201,575
3642,1133,155
2847,1764,123
2019,2841,551
2692,2177,456
4236,2151,892
882,2537,230
1630,313,237
2513,183,840
4012,2142,377
2037,2244,358
1842,4876,502
2297,4966,231
4487,3738,499
4971,3087,804
1621,3832,610
4297,633,268
298,1880,665
1419,3646,614
1960,4272,492
4589,4191,607
1742,3566,945
4351,1372,691
4396,923,935
1820,2555,496
3169,2168,296
1353,1863,740
549,1031,135
3378,401,910
2978,1440,667
1722,3463,287
1614,3012,389
4246,3040,485
2653,4212,109
2977,3839,895
70,4217,911
694,3282,266
4033,424,654
1689,4351,417
375,2640,493
571,524,615
1426,1810,302
4314,2755,993
3023,1328,755
3328,4239,141
1089,2708,692
4010,1011,944
2152,3740,127
3618,1445,852
921,595,544
150,1103,757
3559,486,360
4059,479,241
3723,4029,566
4462,2603,714
1282,4696,207
3805,1622,695
4230,2024,225
2296,3064,234
4779,2334,970
3196,2799,508
4540,4088,791
1967,4429,350
681,3695,610
1920,2814,929
2782,4533,807
57,334,521
1680,3967,643
3839,1704,597
4388,3909,343
3220,624,213
1829,2080,426
4444,120,938
210,4547,496
2162,413,703
1545,4366,694
4238,3847,470
541,1995,812
1275,3151,387
1961,1933,918
3026,3486,768
2654,2615,367
931,3450,441
401,1957,852
983,796,274
133,1476,661
4090,916,437
3182,4345,695
703,4068,611
2909,1494,857
4006,2197,733
4208,1108,776
3523,2768,642
4203,1495,399
1327,4929,323
2847,4258,499
3543,1947,298
4428,3846,156
1173,1059,242
1450,3158,878
2392,204,921
4097,1011,465
2368,3748,136
3335,4621,445
3529,1950,677
1719,3741,223
2545,3983,514
4255,1020,873
4395,861,493
194,2253,981
4564,706,219
1298,4645,469
4955,3136,571
3115,3485,376
1564,1212,955
3541,1572,414
4026,1774,480
2926,318,577
3944,749,331
1320,1254,908
1262,4201,602
2457,3624,158
1469,2539,889
4270,1508,418
2890,1977,595
2727,4032,161
1261,1835,186
1550,564,912
3470,1043,781
4846,295,783
3379,1041,129
3747,4951,331
451,4642,731
4915,204,296
2141,4073,863
740,1636,904
603,4324,378
3207,3130,981
2938,4612,553
2638,3161,176
4228,164,482
3157,4410,959
3566,4301,774
4975,2975,912
3095,2915,586
595,2110,468
953,4488,861
2447,521,659
3633,3796,989
4064,1414,271
4780,4157,880
1642,1878,162
4144,2086,762
1863,133,122
3526,4672,795
1641,777,478
2020,841,842
4200,610,427
3548,1620,877
1632,1030,587
154,1402,142
1935,3861,381
3877,1553,768
3646,4370,129
2547,3028,925
2926,1210,922
2556,4779,400
2723,4559,824
1649,796,275
3979,2504,865
2122,1806,554
1138,2354,134
3333,15,710
1153,1296,844
2585,2926,286
3563,3866,957
3224,3971,159
4373,710,730
3094,840,259
4303,529,827
1823,2730,714
4944,2672,380
388,299,572
4602,2574,492
4,751,234
4755,2348,555
181,636,961
4564,4162,566
4340,1953,345
4068,1057,493
2530,4851,943
1246,2847,622
3964,2532,686
978,1142,520
3787,1318,426
3749,4154,125
1875,1255,549
4025,4078,466
626,3518,675
2644,178,523
3182,3059,867
2720,2789,399
1280,4063,991
3981,572,177
3483,4967,348
439,1940,640
2771,2852,102
2865,2143,863
3425,2778,761
4586,1137,344
2480,4939,357
4604,385,252
958,696,485
3579,2521,610
56,4303,819
2239,779,794
1175,2708,390
1278,1635,168
3178,2604,880
2521,4331,166
3421,2748,891
3115,811,331
2368,3838,186
1794,2584,283
3826,796,901
4416,3055,971
2276,1499,251
1137,1593,321
910,2614,267
2647,4890,689
1874,4398,761
65,3233,220
3551,174,860
4459,3634,893
2197,1449,792
2705,17,106
1473,863,974
3810,2725,393
4879,3266,374
1693,4669,854
3869,2890,396
2388,3481,371
2928,4010,924
35,4172,951
75,1338,982
3971,753,990
595,4545,401
1176,19,735
247,1242,248
2036,3955,949
1937,179,733
1820,1993,121
838,2736,107
2665,1476,699
2379,4499,583
3062,4972,523
2723,1457,251
1229,4795,864
3151,2004,766
1654,623,935
4118,1578,334
2938,4528,653
4644,4048,890
3270,2919,756
1682,3868,884
237,4970,777
1130,2793,689
2479,144,395
558,4544,540
820,1057,537
3494,188,670
1926,1121,377
901,4016,161
2789,3255,645
4828,814,858
1610,3040,636
2364,4816,681
4536,612,211
1654,4566,789
1214,1737,626
2556,2683,648
3345,4219,398
2199,926,781
2038,3321,693
2182,4696,687
4186,1094,608
386,125,654
732,2598,854
3096,376,445
4350,1316,564
4893,1521,681
1580,495,175
2505,2927,173
4041,1165,174
4444,1954,879
3692,2788,321
4719,4974,338
3311,946,570
1840,3533,157
1381,1246,197
1613,1347,846
1376,233,958
4549,1908,587
41,949,994
3474,3043,227
376,2618,762
3007,860,914
1571,4378,193
3178,4484,128
4581,104,294
3637,648,219
3608,2219,833
397,3226,459
3343,1656,646
4090,4683,405
3067,3070,859
2570,2111,284
2703,2495,845
1599,2514,331
2476,3317,961
628,51,489
1715,1407,586
1789,4691,405
1636,1730,233
2584,1724,897
4958,3737,444
3273,129,129
3408,1979,579
2431,4677,221
2015,1953,500
965,2596,292
4208,4949,961
4390,3110,926
4139,1188,149
2425,322,134
1068,4761,245
2140,2514,411
2085,3538,427
2204,1862,951
1239,3271,813
1142,2272,973
3267,1383,513
2192,1534,327
2357,1212,655
4180,4605,777
1866,3682,599
3720,1821,325
1497,3933,886
2245,1013,437
4921,118,801
3929,2629,830
2353,185,209
3950,2630,632
4213,4159,308
2952,2885,309
4370,1341,267
120,141,952
362,3458,988
2566,4685,861
1505,2301,685
3510,1517,219
1355,670,239
68,1752,851
4427,4009,144
2485,4573,877
2577,3150,476
3991,4441,965
3939,396,524
4624,3581,962
1697,3791,652
523,3048,815
4627,1117,665
4410,1971,337
2155,2888,583
4778,607,732
2305,552,159
4671,3905,942
2151,1156,653
2153,1836,215
1745,1466,401
825,1593,919
3895,4717,364
3739,3471,205
3938,1331,883
2067,1413,521
4173,4383,264
4562,4458,679
4687,3915,178
2822,3613,210
2784,1643,128
4436,2691,412
187,1727,184
3825,4994,603
511,2079,295
1397,3014,462
1720,2614,498
912,2012,555
1313,4378,755
2613,1599,683
2107,1878,215
1578,2967,512
1888,433,794
3346,1544,280
4624,3678,988
912,4081,963
313,444,695
163,869,116
106,1605,979
1041,1291,770
2852,4143,920
1807,4829,916
2684,1549,513
4796,2304,778
3388,259,974
108,487,614
4987,378,764
2184,2522,814
4895,709,247
889,3320,670
808,1221,564
1683,2355,581
3684,4665,335
3460,883,963
4727,2322,750
2778,174,428
1846,2263,276
896,920,748
990,3277,906
2647,2794,314
1848,4529,713
1451,3297,699
2353,49,631
1289,2255,209
2146,265,170
3533,4435,734
4312,3686,760
2942,2442,671
3733,2507,565
2584,77,826
238,3387,581
2237,1653,922
1187,4968,558
4372,2758,110
4235,4476,438
468,737,463
2929,1786,340
58,4564,132
2523,2892,889
2471,292,243
4705,2175,421
753,2310,446
3641,3917,185
1082,4952,913
1063,527,566
324,3349,222
646,4989,664
4188,2581,524
4029,733,385
523,1751,708
2710,4490,556
1480,279,838
2476,4612,396
4526,756,831
1271,2953,317
3413,25,564
4240,1194,266
1303,2014,617
4844,1670,699
210,1928,233
3445,1905,507
4614,3144,536
1179,301,231
3715,2670,646
662,4104,395
2194,83,762
3727,4164,370
1096,2869,733
4621,3271,604
1797,1849,644
1079,1249,244
1890,1086,986
3027,2990,808
2048,4756,517
1784,60,421
1895,1925,267
4841,3566,222
3513,4481,488
124,3442,162
4070,1745,174
1208,3197,470
2389,156,888
654,4271,622
2460,4921,306
1225,1154,301
4067,1164,889
2145,1430,319
2248,1714,952
3372,4540,901
967,4443,102
2511,3752,252
3002,2553,900
1614,3982,730
1521,2283,486
544,497,589
3904,2595,483
141,2082,676
60,516,455
755,586,881
3655,2039,896
1599,1515,487
3467,2126,357
1831,1926,589
3259,2718,748
4129,4017,125
3307,3216,525
3611,2849,351
948,959,668
1741,4694,685
3574,3195,528
3998,1886,116
2534,3958,505
191,4592,213
1785,315,491
3670,2866,363
883,210,688
832,1926,521
2229,2490,831
3708,1728,197
849,3618,330
2494,2085,715
2031,1269,301
3626,1765,664
3402,3620,187
4836,2753,679
727,2266,780
2947,2713,823
3031,1736,838
2819,802,194
3474,354,159
4456,3762,983
343,2740,590
1870,2971,166
2982,625,639
2158,2580,452
1822,4962,885
3455,4352,310
4028,655,244
3518,3104,622
2794,2710,449
1529,4349,690
1405,2197,733
2811,4318,719
4251,3455,847
2224,2624,139
3785,3830,752
1474,4952,672
3042,2873,357
3272,4839,434
3003,4881,350
3901,330,343
4031,837,299
933,4005,926
4277,2134,149
4868,3506,719
2102,198,538
4513,3584,560
1137,1792,392
3862,2086,576
302,3759,513
936,3048,212
2322,3929,245
3350,4939,479
2878,3392,341
1378,1872,773
2945,2581,363
3245,4217,684
4693,2148,756
4953,2626,466
4729,4780,847
1073,4682,401
1534,557,342
765,660,665
2278,1006,296
1169,4573,269
983,4772,729
4288,1845,664
759,1117,548
3664,53,729
3234,2155,348
3123,3424,435
818,2022,619
4818,4645,744
585,1242,545
1185,1563,572
2610,1256,351
4863,2799,694
2828,2346,956
3901,4969,676
4824,2020,492
3939,656,307
634,2072,595
2597,3148,777
3537,2415,596
2254,737,824
1464,4240,555
1316,4992,481
1760,1474,719
3877,1986,915
4989,4577,493
555,2300,435
2853,3595,282
1944,4817,110
2138,1138,150
1168,2938,974
557,715,874
4940,1413,976
2079,2416,505
4560,4540,116
3988,4842,585
4555,4193,127
2652,3704,526
4376,3326,714
1052,243,736
493,45,373
4156,19,970
4150,592,240
4864,138,735
4112,2363,550
4776,878,834
2409,4948,711
2879,1179,762
615,452,909
92,2967,780
3430,9,481
515,4395,322
3131,4854,819
4668,785,715
3803,7,512
1015,4886,249
4199,126,183
307,638,144
4154,1736,846
3898,2313,259
600,2393,666
920,3345,489
1118,4715,487
4502,4414,754
4023,805,392
72,2337,100
1997,421,613
2164,2214,886
1086,1894,144
2144,1835,414
331,257,853
56,2332,626
1419,1078,607
2898,2829,750
2173,4943,243
168,2674,546
4441,758,233
3491,4735,934
2519,1104,569
1349,1016,361
1768,481,170
3167,3605,836
4854,2428,241
801,124,356
3519,1023,603
1996,1967,634
1284,4337,476
1967,3623,931
1636,2277,291
4063,492,356
4287,2830,641
1488,3392,658
3067,212,219
4862,1618,169
3312,881,484
1344,597,598
467,4348,218
1353,1035,782
1712,3502,832
61,1540,379
1031,2979,824
736,4050,154
297,1211,839
4898,2695,490
4759,2729,119
3883,2496,458
2691,2381,824
132,3139,991
3624,380,403
4585,327,184
4131,2023,626
3074,38,603
3957,3304,695
3018,237,978
114,1446,956
1545,1135,508
3682,86,116
4856,3251,310
953,4749,549
3490,4137,828
336,955,141
3027,3536,237
3131,3377,146
2199,4112,947
946,2607,464
749,3629,703
2061,4439,989
1726,3252,326
2399,1311,680
2272,3679,487
1740,2443,563
1576,1615,610
106,3245,147
182,688,368
410,557,217
4590,2954,905
181,4730,530
2934,2939,303
1743,667,299
968,4370,233
2781,1291,349
43,1588,249
980,2733,235
3041,2902,146
189,443,337
1704,4607,536
2023,4121,862
4328,1898,282
40,300,184
2262,2110,432
1528,4428,172
2157,4499,735
4428,788,956
1264,2942,942
392,1757,585
2835,3292,267
4379,4049,410
2078,3834,406
3742,3735,219
3558,1082,209
727,3836,240
1136,1092,944
3040,3981,985
4487,862,881
711,2745,753
3124,1427,568
2690,576,467
4036,2321,544
1276,4994,454
3015,4324,553
4299,4943,445
680,2715,987
4810,2952,237
200,2171,712
1610,4935,251
4634,1038,708
4184,1524,242
3405,3373,910
1084,782,496
2113,2131,978
3751,920,358
4938,3829,648
2809,4285,895
3651,2200,693
2213,4671,317
2751,4886,923
2641,2716,499
1952,4505,765
1330,3730,932
4423,173,231
4351,2732,652
4460,1694,556
4850,4498,413
1596,1492,474
1623,454,871
4000,3860,113
3934,3671,684
2899,1312,819
943,1027,842
1188,2964,141
4004,375,141
1205,2895,840
2179,4507,529
997,772,607
4268,2629,371
4987,4520,309
1600,625,782
4787,65,567
1974,1953,202
3007,3145,450
4756,1351,239
3779,2411,382
1808,4168,237
2951,3403,674
778,2466,510
433,4958,670
3701,4139,338
1513,1848,397
20,1782,897
2886,2869,742
3798,3792,484
3836,445,914
2067,1559,765
1472,3450,510
1265,4332,902
203,200,628
1160,1744,994
4055,1349,215
3991,2460,596
1998,2489,251
3066,103,380
4709,333,185
579,3543,869
3527,4416,799
4369,2307,818
2421,2687,841
4938,4182,478
4542,4484,601
3874,4724,127
1688,437,477
3029,3296,365
4379,54,767
2068,99,292
1918,3936,444
2868,4019,531
4322,2216,723
1018,4187,726
4400,3973,518
2096,2051,868
2167,1046,366
1399,4907,107
4549,4386,756
3260,3141,200
4561,3602,837
3993,2429,789
2516,1977,525
2111,4263,630
4478,3471,229
4469,1589,764
4887,1452,294
4284,1252,432
1506,86,646
933,1548,868
4571,4261,317
3166,3227,531
3191,4845,113
609,2275,684
3892,1063,277
4472,1736,369
2010,1490,215
440,70,813
4331,4509,495
3629,3564,153
711,3022,694
4054,3718,934
539,4758,999
3758,3277,323
1586,557,126
1708,708,631
2830,1438,776
3391,815,143
1347,4444,692
4787,1535,476
4130,2445,333
512,1663,430
307,4061,140
2855,3821,891
4666,2144,142
2053,1419,736
2807,2217,306
2692,3510,989
1301,2785,607
3924,2037,676
2439,4071,656
4764,3848,443
3326,4579,953
2815,2835,193
3555,1818,893
4869,1230,608
4109,1872,568
695,3303,599
1277,1175,221
4795,3250,526
739,2447,783
4425,2092,645
2300,4144,140
498,1311,954
1221,4479,438
2351,1445,788
1576,2904,689
3026,2643,431
572,4326,215
4914,3666,648
1983,3730,737
773,4438,687
4620,4679,159
1731,534,357
3088,2240,582
2323,1817,734
500,4833,116
4690,3868,372
1757,322,940
3345,608,880
938,2998,832
1772,3935,809
2687,3955,397
341,4958,344
3892,3519,292
1622,2044,603
2600,1771,585
1429,307,872
307,4431,350
2029,202,856
4260,577,104
2536,2258,572
2239,41,1000
1836,2750,912
2271,1009,426
2111,736,180
4177,4064,201
4104,4393,995
3275,2069,166
665,3153,987
4779,1623,411
2741,3391,330
2819,3001,632
1015,1678,842
1341,1969,653
1832,676,175
1768,660,835
1293,2649,891
2731,2159,459
1535,1883,603
3629,1489,478
3898,602,311
4786,1769,770
91,2044,851
1228,3424,676
2992,1902,986
4145,4982,373
3460,4283,282
4106,819,216
2573,2918,669
4258,2964,677
2845,3879,893
543,336,376
3267,2157,942
4652,4369,109
3014,162,866
2536,1282,706
3983,3098,865
4225,486,312
3829,1035,234
612,1885,642
207,2024,737
1745,3865,513
3638,3568,825
627,4656,411
1932,1508,311
966,3860,494
2301,3611,417
4901,2720,876
3567,1267,296
1804,3013,769
228,4211,637
1290,961,620
4461,3839,875
2230,3530,476
4828,4657,542
561,3654,318
526,2936,767
3108,1053,119
4435,3958,781
998,545,127
266,3010,396
4088,4307,915
1246,4183,840
3327,4761,455
3651,2189,206
3752,4863,432
1654,2318,589
1511,2546,594
1335,4803,391
1249,4296,248
2313,3447,535
778,3443,693
3903,3275,967
645,681,135
210,4395,540
4733,3077,723
331,2115,806
4330,1319,700
4527,3299,506
2945,3478,392
3958,3970,184
2282,1970,739
3865,2698,171
2996,3730,245
3504,568,198
228,1632,537
2187,4213,692
911,2760,600
4601,4796,673
2144,878,146
3233,2779,851
4444,2737,797
668,1524,280
3109,3822,791
1770,3750,424
2688,3810,971
4602,608,428
1334,935,272
3664,2485,829
3104,4768,340
4022,438,689
1143,4388,828
4208,124,520
2048,600,160
167,1499,666
1385,2297,139
3716,4792,345
4716,4714,428
63,612,333
2732,681,271
1670,76,705
3244,1020,676
2525,756,622
1625,3998,665
3095,4252,708
2745,2713,123
3875,1477,975
2483,3864,649
4367,4822,596
2437,2449,703
1640,1981,653
3509,1738,100
2014,4306,790
1116,3493,903
2557,1017,228
4809,1810,367
1187,3273,109
2347,2205,143
1140,1412,122
3633,3947,316
1239,2722,527
2790,2367,904
103,489,181
2827,4201,224
982,4766,638
2774,4639,283
4915,2722,696
1682,2911,112
3546,1725,753
1074,952,797
1058,1601,882
3464,3349,562
529,635,248
4564,1882,675
3480,2930,310
1321,149,254
4866,1686,109
1688,390,880
1342,2508,743
386,4167,932
4446,4806,403
1679,2538,162
1745,3925,902
1138,4979,193
912,1973,533
4697,2387,254
4309,1190,729
3596,842,980
1951,4294,429
3261,2068,476
2869,3701,428
1737,3886,638
2207,1880,714
3989,3452,417
3214,4379,699
3395,1907,193
988,3985,632
495,1903,515
250,1849,694
1255,530,169
1,331,660
443,1313,627
3360,1182,801
3460,1810,338
1341,1261,550
1411,3807,802
3899,4158,625
2752,423,201
2562,3918,116
2018,121,428
2148,4463,934
2959,1866,874
2776,2021,506
4159,1473,891
2577,3011,977
870,4198,645
285,4423,480
2286,1922,823
2049,3015,958
1246,2517,795
2248,2363,576
1257,3142,825
2509,1339,875
3089,2304,419
4138,3640,509
1100,2319,736
4459,1841,794
517,3840,872
1482,2038,439
488,3487,932
2343,3974,971
861,2531,103
425,2933,157
3210,532,142
1155,1780,575
1440,2895,830
4235,3658,933
3404,2567,706
4988,4439,488
2043,3836,732
4163,4205,466
4479,2724,600
3942,3239,350
4757,2335,197
614,1930,623
2699,1903,984
1510,3652,545
3258,3809,731
850,4659,253
3468,4627,185
4613,2204,267
3920,4682,120
3491,2002,522
4808,2640,818
600,2328,919
2157,1947,697
1146,4753,667
126,3714,539
4291,1177,930
356,3389,658
3047,1202,368
307,3889,535
3879,4338,311
330,1094,366
1649,2636,845
2294,4233,609
1839,2879,906
260,694,173
1449,2910,399
768,452,229
1375,2303,178
850,3340,814
1046,4109,906
1944,208,510
4471,4173,304
4963,716,702
1238,4338,292
824,3937,702
2294,2480,408
1094,1264,607
194,3120,305
1381,37,477
4139,446,110
4040,4778,462
925,4322,237
3485,3898,515
405,2073,644
269,4773,359
481,4980,533
4923,4438,480
1398,3037,493
117,4570,418
1211,947,636
2263,2191,600
861,4225,140
420,3576,450
237,2211,123
2714,1359,480
1877,3564,211
400,583,914
479,2965,930
2466,805,552
3206,773,791
4120,4417,936
1043,3648,575
427,2188,154
2947,211,709
4383,2321,908
4283,1819,798
4226,1746,881
170,2907,935
808,202,308
479,1991,854
525,2974,113
2150,41,229
3168,631,539
2600,3182,292
3648,4209,613
1145,1573,528
399,3259,907
1956,1710,821
4103,254,304
4017,2402,939
1102,2501,511
1101,1475,962
2328,1146,279
1588,1746,618
4696,372,842
3894,1754,940
2201,4920,950
2134,2181,144
3943,330,593
3249,1954,348
398,516,506
3154,2110,883
1650,447,592
1411,1026,357
4326,270,886
4032,1598,361
4153,4447,282
2283,4711,937
907,2452,594
4366,2203,970
1590,120,999
268,2588,223
1727,1828,910
1835,1118,411
1755,4375,953
568,2506,673
173,3223,323
3282,3933,762
4755,2505,857
1324,4953,939
1722,3780,667
1699,2568,958
854,4742,620
2848,859,901
128,1317,868
3190,4753,207
612,3105,782
3929,1421,535
4796,2355,515
4070,587,175
1273,1548,990
2082,1428,725
2774,2552,485
4194,1899,948
944,2728,251
207,4187,202
1295,3001,976
2544,351,494
3407,1487,908
4606,2421,980
1153,1745,523
1012,4982,561
2422,1739,554
4418,4207,425
4489,900,363
4277,3135,972
4779,2772,312
4754,1478,452
3773,3561,638
3708,976,103
4473,3461,941
1418,3637,875
1698,2068,166
4083,2683,760
1982,868,705
4374,1008,224
3041,4,343
2912,1961,429
1054,2760,246
869,1161,425
94,1670,206
619,2259,131
496,4001,970
2695,1196,699
2978,3035,526
3710,3307,780
4383,4774,150
3683,4423,462
3711,2113,603
725,1664,967
1240,152,270
4821,4234,341
1216,2520,145
4608,4122,709
2993,2868,584
691,4930,586
749,3671,421
1615,2694,605
4063,991,525
3862,1907,895
4001,706,151
977,1424,533
1446,3675,262
3589,3047,900
566,3362,760
2663,4477,959
2277,1957,369
945,373,892
2173,1179,564
3136,681,846
3152,1174,446
1612,274,756
347,580,934
1722,4404,218
1507,1525,246
3085,1149,326
3155,3887,817
1965,2983,365
1135,2251,490
1743,2182,580
3969,3609,405
4294,1731,202
1759,4034,329
577,636,279
1227,574,688
977,250,389
3151,1970,991
3889,4516,188
549,3439,461
3549,2483,883
1238,1331,120
2116,4303,981
3656,2948,666
2075,1180,975
1907,76,630
2836,2643,248
1814,2394,607
4316,747,232
1667,2282,571
4987,520,844
2446,4055,990
1568,1927,964
538,3074,312
3958,2032,705
4119,4740,926
270,1532,967
465,2051,395
3575,2492,321
4677,3893,611
4416,1237,493
4366,3514,492
3270,3347,320
2056,3843,253
3170,4000,745
628,3568,594
1915,4586,494
4242,2373,219
4882,1985,770
1180,4965,585
3120,2409,734
4853,960,601
2364,796,647
998,3216,178
1491,4408,756
2869,1062,399
3023,3167,316
55,3974,136
378,850,589
3795,4744,973
4274,320,553
2782,1641,886
1473,136,847
4049,1197,524
4317,269,771
91,216,335
3766,3984,112
3021,444,663
2822,4677,664
4891,2878,124
4352,3880,599
4116,3770,136
3032,1755,912
3668,1795,464
1380,1193,863
655,3623,896
191,4962,662
2137,2696,701
330,3108,670
96,2646,470
1264,602,792
4460,4781,267
1803,2024,545
4456,3350,815
3819,4557,502
3688,1320,326
167,3207,186
566,4776,609
736,4986,644
2509,101,442
441,3323,125
1371,860,130
1091,4639,436
3234,4874,173
1744,839,225
2536,995,547
4081,4958,734
261,3121,687
4371,4405,486
4139,2775,285
2467,259,971
4452,2592,328
3396,4051,656
4287,2698,588
1438,153,806
4249,3128,286
3423,4275,265
3557,1339,264
4838,4682,787
4608,387,415
2360,3171,377
1556,2615,429
327,3008,945
1332,1433,210
4697,1390,966
1927,1054,891
4211,3960,731
2698,34,661
32,4230,382
4052,665,720
1903,1432,112
1952,4460,699
4025,3349,205
191,4661,390
2835,2923,886
3507,218,843
708,1204,717
1951,1984,903
4860,4286,180
1109,4311,119
4766,2569,480
1881,463,811
148,2946,923
2403,4680,106
1279,4961,191
1381,2856,809
4749,908,564
2558,4202,869
3938,1775,531
1472,4304,816
963,4450,726
2718,255,929
4164,2439,477
143,2237,513
497,4330,391
3945,3245,423
4901,2127,533
2438,3887,686
3268,1044,329
865,2797,525
3681,1239,613
568,2565,165
4052,1775,594
2474,1747,965
3980,2640,281
474,3898,548
3348,2412,335
562,918,158
3205,3403,172
3699,4151,138
986,1730,625
2903,4530,236
4198,8,212
3453,3663,741
4429,731,375
378,2321,285
402,1263,619
1784,4331,394
243,2228,555
3252,4647,293
2441,2239,177
201,2844,216
394,3254,580
1868,2548,291
2454,3972,167
2917,3504,986
2167,3147,126
4157,718,762
3946,3583,362
953,634,611
742,3328,942
4320,2751,370
435,383,504
2966,65,173
1719,1755,165
2686,4110,994
4786,1272,445
3357,4923,858
3759,3736,426
1414,1146,901
1188,1325,947
2785,1074,158
4556,3408,678
3303,4967,950
4100,1348,527
3005,2497,967
1257,954,156
1941,2447,394
3961,2441,957
4721,380,422
4837,4940,346
1412,58,335
4848,2444,562
1431,4506,274
479,1263,814
3130,2830,797
1483,3522,850
1187,517,615
1477,2145,971
2065,2913,772
2488,2321,202
256,1735,533
1979,3705,291
83,227,946
2581,1300,860
1055,1389,609
944,839,760
2067,2472,522
1140,4847,309
1792,497,715
3970,4945,391
88,1999,458
2435,2093,841
2742,3549,210
2088,3731,247
422,4099,813
758,4794,932
2169,2029,292
4988,4394,907
2636,2922,447
278,2264,899
3541,1677,967
3759,1207,151
2608,3744,422
4649,1666,375
644,567,380
1618,219,768
80,3280,296
3034,956,345
16,1071,970
1024,501,959
1567,1748,241
3115,1476,770
343,205,584
1763,3291,866
2268,3462,691
1364,101,232
2977,1761,112
3536,3643,376
4835,1532,278
4473,1401,370
915,852,674
2154,1439,698
1020,3580,719
299,729,514
4898,2315,863
3120,48,212
948,3078,815
3552,363,387
2524,2577,820
4811,645,438
3411,3985,206
2919,4322,177
4448,3760,405
2470,867,276
2338,1501,896
4287,3464,275
2994,1591,698
1656,402,749
413,4987,488
3658,4620,828
1493,3680,607
344,3536,643
4585,3377,614
3352,1557,643
3698,4784,817
1314,3137,206
4966,271,136
3505,172,255
3018,2822,694
2382,590,462
3801,3615,590
338,1759,214
2105,3237,244
1515,4471,444
1572,1911,981
1750,4781,404
3184,164,986
1217,714,776
4553,3044,871
2922,1734,649
4923,3741,629
181,3199,467
1519,2314,575
4758,516,201
595,738,706
840,2033,111
2206,1435,613
1388,368,719
3550,4361,437
4723,4758,527
4618,2009,706
2953,3917,471
4738,1576,526
2033,2650,857
3909,3276,241
2191,4111,270
1073,347,239
2689,4090,686
1566,4368,103
1953,2581,639
2102,1222,366
1352,2608,880
701,3307,353
4805,1121,877
1862,1399,517
2363,2628,979
2129,3254,366
997,922,433
3116,2237,917
4834,4700,844
49,1947,340
4801,4249,210
4829,1102,373
2036,1440,858
3432,1890,329
2916,4650,771
584,114,731
4700,3272,129
3451,1023,424
4197,842,592
3773,673,588
263,4040,924
1711,2312,134
3689,3674,991
3790,2673,677
2119,1589,511
2319,4797,351
1300,500,590
2794,2155,418
2330,2814,370
1283,1605,949
4105,2884,973
395,2862,489
2299,3419,872
3579,4851,188
3832,2971,717
3772,227,217
873,856,756
4513,3615,653
3353,1803,842
2229,2722,592
4991,1653,796
3937,353,246
4531,1739,357
1783,3141,475
968,1030,394
1120,2819,794
957,3051,311
114,907,334
1754,3148,570
3938,1601,227
1116,2401,858
1424,2510,820
553,2911,187
2388,917,746
4756,1802,795
2977,4956,422
128,2087,610
1729,1379,822
2385,2095,553
2092,1858,380
4713,4673,243
3381,4512,337
373,4231,646
3642,1777,794
4873,2386,164
1437,759,340
2827,1555,185
2152,613,279
4679,4518,766
1106,1089,833
3113,2924,789
1043,2186,709
3144,1492,747
918,1412,143
3595,731,815
1976,3618,660
2670,4235,789
2520,720,986
4390,625,888
4266,131,754
3592,1352,348
2134,1866,750
396,4044,368
4597,41,594
4645,691,959
1604,2281,497
3265,63,709
1735,1671,686
2785,4966,110
3973,995,195
4158,230,292
1746,1830,943
4076,1689,118
3315,4952,925
2090,2917,381
4381,4236,223
4884,444,871
4218,1658,236
127,2084,197
2294,24,325
1081,2322,260
3633,2875,474
4848,4733,866
4801,575,191
4825,3664,207
2033,1644,430
3136,2159,175
4947,2475,554
445,4895,323
4500,928,730
3232,2439,862
3769,2829,957
3372,1248,328
2795,1944,565
4193,804,461
4287,718,672
4187,3506,101
3288,3616,848
658,629,148
412,177,429
2887,3082,368
3935,450,430
438,1033,439
1791,958,978
3291,2128,187
2443,603,916
75,911,117
3992,4024,186
401,2301,245
4328,2432,794
1246,2524,755
2318,874,546
3699,4225,689
1914,3657,702
2036,261,552
524,2248,748
646,4138,125
67,4512,693
1341,3578,406
3941,438,831
3911,1849,285
601,2940,654
3734,720,154
4281,2420,167
1710,1138,409
2149,1275,857
2852,2716,561
2723,4925,914
4599,3012,890
4333,2299,467
3552,4619,362
2087,4186,316
4936,1899,772
3802,1702,177
1261,2415,500
3627,4943,295
3292,4213,613
763,4995,687
2702,4347,641
1451,3748,272
4033,1942,274
3568,2811,120
3757,141,672
2662,58,543
63,3280,909
1187,715,290
4591,2699,675
300,3758,308
2700,3100,979
1635,3440,551
1563,115,835
320,2800,353
2879,314,510
3514,2619,326
3108,4494,259
2798,4800,925
2560,2770,414
324,3025,733
3678,1855,745
98,4007,608
4844,58,791
2246,1635,960
4696,4640,158
1493,31,940
3990,323,135
629,4819,450
3753,2032,363
2788,862,806
4352,2787,904
401,3742,295
1554,4006,736
4763,3274,887
3769,142,132
2491,1343,639
416,2606,833
2618,3298,635
1872,1472,988
4952,3659,662
712,2227,971
3813,1670,353
3708,1565,144
148,263,792
2975,4859,637
2135,148,115
612,1363,155
2295,2362,770
843,1316,350
2026,3546,132
1933,4052,486
4633,3067,299
4060,4781,354
1256,3640,667
4861,4457,407
1076,92,560
217,1188,490
3480,4334,905
3296,1393,208
1886,4845,125
3661,4565,913
3230,1238,533
4547,2166,897
4512,4307,600
133,576,279
1859,2281,683
2587,3692,184
3359,4066,989
1819,4489,476
3890,4286,990
2279,3482,699
2798,404,318
2716,3638,173
2464,431,529
3331,1698,393
565,893,382
853,3189,793
100,4801,507
2509,1765,702
1467,2742,688
3389,3096,120
4714,4621,984
3979,3697,804
2441,4785,277
4981,1167,557
549,670,848
3881,4380,229
2360,3449,934
1445,3914,864
134,2288,541
5000,3416,892
3525,1365,735
3395,1469,443
3857,652,188
4817,2004,107
1531,141,390
3934,1185,766
3790,4306,604
1815,3831,764
3745,2482,949
3420,1292,117
2195,1187,544
503,3988,701
3991,2705,245
2895,976,346
729,3240,974
951,3530,165
467,4975,922
1608,3559,649
2125,3472,191
1113,2118,394
4873,3829,529
88,2235,246
742,56,371
702,1356,478
1921,3086,734
1397,2694,805
2278,2508,499
1703,2701,940
3105,1870,286
3424,3964,316
2643,1565,895
4318,507,321
2276,4478,744
394,2843,504
502,4749,125
3914,4823,572
2499,3588,835
2333,3421,755
864,891,960
2481,3783,795
2951,2087,553
3309,3135,921
3305,2189,988
4367,2165,266
4661,667,813
4202,3009,306
3056,2281,683
264,2767,421
2507,2930,476
19,2632,244
308,2043,268
2974,2039,902
2446,796,421
2720,3017,781
275,2678,661
3995,1703,872
1038,462,117
637,3190,951
3257,4102,227
3259,1403,131
2045,2155,988
4638,1980,778
4143,3741,641
2376,2426,307
306,3942,374
2810,3067,477
2526,3276,278
3640,4162,349
4991,4800,188
1153,2253,158
2406,3273,315
2732,735,749
1113,3074,234
1411,511,110
4487,3849,843
1529,1634,543
3957,3809,114
4007,3232,938
2276,2802,273
1408,4059,507
4511,607,550
2227,708,885
2606,3090,639
770,2259,850
92,2004,221
3537,4604,935
4591,4313,911
432,2471,292
2438,2239,441
972,4439,667
1998,1323,364
2685,2805,502
2499,2080,340
2270,3202,147
3823,1469,533
4336,744,345
3823,1473,760
624,443,676
4254,1968,996
468,2924,274
409,889,684
4590,1193,366
2114,3282,274
3780,3850,524
1553,1640,610
1549,1213,724
3690,3034,579
2596,4808,124
4810,3910,472
4944,766,775
671,219,953
1341,195,252
4201,2332,390
2935,1278,504
321,2076,239
4497,4945,790
3271,2719,895
4428,1079,136
3008,979,128
2769,3721,740
4043,3243,170
4279,3221,141
941,982,726
3704,423,111
3624,2218,398
1188,1456,438
3534,4317,256
3521,4518,172
2210,187,563
2255,4247,642
4588,359,982
3874,4115,617
3205,2920,528
526,2666,848
2914,1804,622
4421,950,656
4171,3899,362
3409,2732,586
3005,4537,547
3799,1425,169
3236,695,286
4848,2915,827
3112,2708,212
968,1341,219
1149,2688,396
4484,1635,676
3784,1021,440
4425,2289,662
4518,939,917
1156,4548,100
420,1013,705
10,123,301
2288,3661,335
3760,1674,833
3698,4958,499
3092,2150,604
3634,3537,269
4460,3360,334
1919,3940,476
3374,1124,260
3268,560,402
3470,3447,829
2142,4813,433
4845,1451,469
3737,487,220
1797,1113,920
4977,907,538
3865,4263,644
505,2207,408
4440,4217,931
1322,4267,930
2243,592,835
3539,659,977
896,2056,683
4551,1813,633
4342,4974,621
4649,4299,541
4625,2608,530
3309,3854,288
899,319,814
253,4114,383
1833,4438,502
2793,522,696
593,1848,253
120,4624,738
257,912,843
2706,3035,180
1934,14,219
1805,3555,773
4211,472,473
2436,1082,155
2138,540,394
1923,1035,564
4869,105,951
3804,4956,581
60,2100,202
4944,1802,896
941,4630,664
642,70,740
2232,4159,635
2000,3369,985
1182,2465,214
332,1333,563
76,3045,849
1367,571,262
2867,780,285
4632,4610,309
638,1339,769
1742,2172,324
4684,4677,874
1908,1042,519
1892,3906,585
3884,3756,711
4823,2842,281
1800,2381,449
4311,2064,580
3449,1413,833
65,627,340
2885,3024,855
1620,4807,685
2770,2570,220
1178,4954,190
2003,1092,298
4506,3253,746
51,1617,766
1015,812,266
653,3307,285
4069,403,848
286,2379,809
4552,91,951
2139,3973,491
3259,617,967
1005,3157,482
4104,4356,628
1698,813,514
252,1346,934
1663,1984,358
1727,1073,722
4283,2004,279
724,1723,757
897,1842,464
3422,378,741
434,2894,138
2551,2297,158
4347,4101,633
1582,2913,519
4362,3393,905
1432,4095,962
2095,2742,161
4355,251,780
3281,2664,721
2771,16,509
4522,997,871
3542,2603,186
2917,1931,669
3262,4042,977
3195,1304,879
3863,3224,385
81,1880,125
2941,240,245
4131,3141,195
3881,2972,221
230,2177,474
4487,4210,817
2000,1791,655
3634,3419,678
856,4208,751
3249,733,793
3621,3164,441
1115,3785,935
1038,2235,448
3792,767,184
1927,1837,687
1821,2933,467
570,3751,119
426,1165,720
1692,2874,636
2450,4662,943
1446,2247,762
666,613,324
1673,112,953
4396,405,892
3579,81,236
3426,4599,403
4646,636,644
88,3929,656
1641,1307,207
2199,4855,111
2309,4568,691
3766,2866,114
3602,2107,550
2114,1028,650
1008,2092,923
1984,3774,106
4922,2388,834
1731,3616,248
119,2092,480
1102,1545,952
820,4947,815
4073,1504,168
3446,612,968
41,2906,393
3608,2255,327
1122,3547,747
603,4156,455
3880,3354,862
1282,3773,446
3428,421,269
2575,2507,493
1983,586,773
2887,3701,848
1922,3800,750
442,972,687
2990,1177,534
390,592,290
2640,4963,133
2592,4178,119
3699,298,156
170,200,478
2784,685,883
4680,877,572
2630,4055,223
871,4759,214
1670,316,290
2912,2559,442
1693,4942,698
4439,946,170
1733,1965,760
1999,360,975
1273,1494,826
2859,2656,188
575,2885,586
2233,2008,583
1872,831,791
3820,1179,389
4959,3090,359
2044,4981,806
2550,3424,218
4450,2309,886
553,4498,298
3424,614,992
395,2100,923
3106,1709,837
2321,711,805
4291,3525,620
2782,3069,937
1953,3703,151
918,1163,568
2071,1196,537
834,3354,606
2324,857,884
4221,1770,928
4179,4178,853
2697,744,659
340,1867,242
1664,660,310
4278,1785,590
2945,3901,446
2696,496,437
4965,722,169
2128,3571,302
394,694,746
4170,2426,580
2520,4946,433
2588,957,265
1193,3114,607
639,249,890
2809,3294,372
2040,3905,133
2172,4300,358
3760,113,845
4194,355,318
1127,3449,500
440,628,679
4315,434,705
4422,4007,255
3132,2613,368
4609,1650,996
