GrindingID,ProductID,Aantal
506,199,114
4438,4063,518
2085,1859,812
4260,4887,944
904,1970,975
3725,2042,451
4667,841,967
1878,2701,591
3136,4844,972
2723,4760,144
2954,4440,408
221,383,444
3018,3507,786
1322,22,425
3116,442,569
1232,2004,757
3508,3234,538
2452,2831,886
1840,534,135
579,1369,427
2089,2144,872
4202,1515,783
1585,1173,811
4442,3222,340
3808,1145,929
2126,4787,785
1071,1934,246
4903,757,667
1041,2421,637
1098,3708,595
789,3816,823
3397,1972,468
1744,1576,475
538,2590,709
3681,2640,294
4303,254,432
4761,2843,748
1014,3425,383
4964,2802,961
3661,2259,756
1637,3759,926
158,2904,524
718,54,414
3109,3855,795
3503,4383,444
3869,74,726
2779,2436,302
63,4625,126
2019,1280,121
4255,4547,709
183,304,950
4072,4399,245
2769,2487,841
1070,3170,962
2850,4271,482
2970,246,418
2390,1632,317
627,2351,735
4554,589,686
2064,4444,766
2006,3246,167
4268,1952,724
659,2914,573
1155,2898,707
2157,2040,514
1288,1356,834
4187,2730,162
3048,3357,594
2656,4397,165
1592,4550,944
1253,4528,162
300,4655,288
569,2486,604
516,4599,409
4068,4512,528
1063,3315,358
2122,1360,951
4205,4854,135
3898,2479,622
4923,4159,926
134,4777,404
1294,3368,249
2870,282,155
4243,1973,341
3030,4214,193
3952,1559,517
3635,1364,867
2717,1871,705
1192,4180,854
2201,602,412
1524,2431,797
1617,2536,419
145,4843,374
474,1398,644
3991,428,279
822,721,888
750,4057,713
138,1801,682
4034,3557,155
2229,2653,834
2029,1320,638
4497,1416,914
1963,1306,861
106,3390,154
2503,26,267
3310,3444,833
392,4049,766
4642,4260,845
1190,2957,982
1738,593,258
4698,3610,621
4353,1669,300
3605,931,452
4877,828,203
3896,1429,821
4429,10,137
2919,8,333
2815,987,701
3191,2152,175
4786,2607,591
3718,4825,357
2538,1739,700
2407,3121,517
4958,4906,840
4169,749,332
2541,1936,404
4462,2493,376
3678,2467,346
3294,2829,382
3800,3677,696
3659,1581,634
2213,699,978
4763,1975,521
379,4103,429
3334,4793,838
2466,2452,931
2926,4455,379
4559,541,367
293,392,479
156,3221,264
3820,2848,214
3781,2842,679
4529,4726,809
2643,531,292
329,389,982
391,210,925
4943,2573,839
655,150,799
1929,1619,287
4993,1366,940
234,3105,949
4289,3418,801
4896,3511,612
3925,2316,514
4943,446,789
1956,169,392
2702,4745,536
3804,2279,709
2222,882,262
1013,3461,451
1631,2657,780
3397,279,700
4707,4004,988
4270,255,725
144,633,817
2348,3311,621
992,2592,416
521,3181,100
3779,743,862
2427,1679,223
4584,3368,293
992,867,989
149,1641,825
3383,2132,886
3367,776,895
2265,1454,731
1048,2249,271
783,2664,220
3747,4361,557
4535,1313,167
2727,4316,837
26,3734,273
1525,1084,125
3569,3547,992
1653,1449,865
1260,4418,669
1637,2135,524
1091,1705,819
414,4294,227
4981,1039,927
4003,4549,472
1009,3225,207
4620,2558,149
85,3943,543
3692,3636,439
3502,2594,990
3132,3765,431
317,4051,1000
4660,1140,517
1562,1608,814
3553,648,641
4926,2062,785
4942,4446,445
3549,3067,759
4843,4583,712
2632,2743,411
3861,1713,616
3068,3538,454
1883,4592,450
3566,1366,566
1600,2712,158
3565,2786,556
2051,1343,109
4830,1793,823
1163,4647,722
1957,58,450
1501,3660,551
1064,2595,557
4045,4242,215
4222,3296,820
1397,1143,854
4549,4976,834
4588,3525,397
1806,394,388
1781,2505,823
2665,270,373
1648,4538,587
2817,4346,994
442,4665,101
980,3476,492
2001,2394,537
4189,3526,283
3871,3412,520
2632,442,514
2922,1345,384
2394,916,157
1321,766,213
4221,1067,878
2399,4836,554
3795,1807,575
162,3608,543
2862,2125,999
4830,1268,869
2481,4245,178
494,4629,447
195,298,950
51,77,227
1314,1343,127
1723,2698,284
2490,2829,559
3662,994,227
3866,1234,685
3053,2983,155
321,1500,862
1933,1411,997
4661,7,287
1776,641,732
1070,2319,205
4895,4427,900
4782,2420,203
2054,3104,762
2047,4625,133
3719,2417,936
2377,4212,431
3687,553,474
581,3981,370
4284,3015,971
3797,4015,569
4983,3019,797
611,4458,882
246,2350,194
3632,375,957
1851,2671,343
3565,2235,514
202,2614,266
3962,4931,213
1753,1048,947
2318,3410,586
2594,3035,431
4284,114,755
4738,4024,761
2934,3621,171
2130,706,451
4677,885,556
750,2114,652
180,3810,890
572,4110,756
4117,1030,968
582,3194,186
980,1031,779
2789,3780,216
4909,2544,330
872,4983,426
2515,3993,339
1980,3558,395
882,3223,547
1432,769,299
867,1482,245
4024,3904,609
4285,3584,798
4710,383,129
4806,2393,692
4020,4969,546
2585,2107,901
597,905,151
1783,3907,107
4680,666,529
880,1193,786
1435,358,914
3158,3015,165
2381,2929,462
2222,3696,259
2756,2708,958
765,3108,680
2988,3157,655
3575,2118,829
2785,664,230
176,1392,378
2645,2907,803
4678,3580,396
1076,923,578
4474,991,705
1273,1023,721
480,895,939
2994,2475,341
43,4643,341
2641,809,587
2820,4921,856
4933,3092,869
4776,1658,468
402,1998,839
36,1990,635
3853,2016,500
3414,1951,539
158,2120,366
4052,3747,627
4314,4092,416
4682,1073,337
4006,2170,873
3850,2600,645
3744,4104,898
3438,2732,794
4487,231,577
4187,3967,286
4035,3589,570
515,2462,560
3747,1327,209
1040,3451,598
4581,1860,892
4907,2440,517
4181,3631,341
2104,680,341
3426,2271,780
3236,4460,180
440,1409,604
4186,4094,968
3595,2893,360
2857,4698,942
3918,4030,778
1894,1786,321
1627,1339,447
3709,4845,498
4419,2871,800
2552,1871,529
3350,3409,850
378,785,686
1932,3612,543
454,2498,794
1336,4251,474
1894,3955,216
4064,953,238
645,4162,425
3673,1566,491
1917,698,229
315,3773,593
1193,1470,749
2265,1812,800
320,874,377
4631,2846,856
457,4881,585
2172,2679,622
2715,4058,882
3471,2338,143
4814,1618,666
3988,2427,452
2522,671,226
1301,2281,768
1351,4587,430
1307,1608,996
1195,2114,906
4742,1182,369
2025,1027,245
4002,3893,588
642,952,614
2945,3793,366
3966,4908,259
4406,3897,243
1286,2103,912
4153,3950,933
944,1712,319
191,3448,567
748,907,522
478,2804,402
3302,1990,264
2152,4769,218
506,1092,710
2375,3446,436
592,4120,727
1204,4562,815
95,2774,400
1795,3885,814
3835,882,406
541,4669,344
3565,325,908
802,221,661
2930,801,916
284,540,388
1770,3932,403
79,4784,807
4635,398,558
1881,4716,224
2929,4126,543
170,3042,436
416,567,124
3565,4278,918
989,3000,804
1337,4026,482
4856,4938,341
1544,823,979
1383,2973,529
374,35,330
2600,2453,183
182,4381,592
452,536,119
1635,211,638
1070,4168,680
483,1214,118
4281,2377,678
639,671,678
3557,985,935
1729,1138,985
4408,3891,579
4783,2816,494
2479,2727,243
4658,1531,355
954,4563,765
2491,400,477
3000,3856,830
4704,3144,236
4639,3667,281
536,4242,789
2727,3473,845
1716,1608,484
666,87,234
2110,4532,230
2439,3848,339
4178,672,776
4140,1895,709
3182,4370,306
817,1290,828
2873,752,592
3472,2080,816
493,3560,806
2024,2695,550
1130,1779,433
3586,2904,462
163,1245,518
3755,3099,314
1671,4036,839
4473,2414,457
3514,823,934
2176,327,966
424,588,728
568,3483,580
3640,3226,585
2434,3724,827
4963,225,593
2580,3318,748
3407,4395,504
2269,2789,324
2086,3846,552
4318,1584,796
3946,1245,752
2203,2898,905
1132,4594,981
3572,4951,979
3638,2494,485
4009,1742,307
4766,1260,277
4515,3436,353
2303,128,136
999,3697,104
3904,2135,562
1434,3276,896
3231,1063,619
3938,3097,609
2617,1363,900
2527,2835,588
1585,3523,218
3724,3102,118
819,329,114
1881,1745,264
376,3288,245
302,3045,169
1062,3998,116
1132,4796,144
1308,551,484
2552,2303,934
851,1385,439
2613,2897,155
298,2060,164
4289,4779,738
1201,1767,504
2308,619,567
3804,1784,758
3376,848,950
3785,20,845
428,3539,829
1501,923,593
3688,2470,481
4303,2699,121
1834,4599,659
4411,3734,327
4537,3158,623
3045,2635,917
2623,4753,189
2370,87,368
25,2501,663
2148,866,495
1570,4211,975
2875,522,591
3625,116,935
2798,1571,307
811,3800,642
3541,2931,869
3972,4863,471
3682,4261,220
632,3493,960
4898,462,223
670,4261,404
4670,434,469
4772,3890,878
1702,4319,883
782,421,741
3793,3007,609
28,4387,185
1747,4623,460
487,2212,850
447,2599,762
320,2589,1000
2176,1734,679
1130,2186,323
1181,3872,885
3843,2574,647
2495,4138,995
1278,3265,208
4269,4071,845
3179,1319,741
4698,3603,418
4426,3605,380
844,3990,154
1754,210,799
352,1894,501
2086,4589,253
2736,4346,950
1003,2226,707
2465,3519,841
3169,1855,954
186,4552,274
1258,2296,959
4740,106,780
1249,1553,272
285,2740,689
3718,2778,563
346,295,593
1092,3249,629
1229,4963,399
2198,779,919
4957,3024,676
4679,4477,479
342,658,147
4325,3122,491
505,1196,564
3753,2066,171
1284,4086,847
1738,4553,373
763,4525,330
3232,814,332
2252,1322,114
1654,3332,769
3375,3509,347
1291,76,411
276,1619,518
1642,4944,990
4441,1791,449
2264,3876,281
156,101,971
4295,2608,161
4278,2041,943
4471,2196,558
4927,2443,476
2117,3142,970
4912,4162,470
1500,765,488
4532,2323,594
3967,4928,272
3697,2477,929
4660,2057,965
2899,1260,488
2194,1859,434
1690,4141,821
4397,3710,185
1125,244,513
4976,4731,926
16,2108,748
2549,2679,604
2788,4255,767
3167,3153,184
1010,4752,560
3263,2225,267
2246,847,158
932,2098,959
989,292,690
260,2635,761
4646,1395,315
912,1404,214
785,2874,685
597,1539,445
1334,337,447
1060,2208,129
1624,274,540
2439,379,926
4570,4839,566
1872,2307,960
1462,3988,994
3143,4990,925
677,1357,560
2522,2833,914
1639,1447,667
645,3699,955
2095,3505,216
3345,2205,486
883,1736,847
1254,2006,397
4641,917,835
249,1658,717
4443,4589,423
1311,3362,578
4921,3422,217
2860,1105,441
2725,1270,114
4061,4744,214
2683,1744,945
4462,1670,816
3059,554,453
1492,3562,961
3716,1728,544
3624,3383,946
4921,4289,824
2001,555,675
2837,2750,564
4799,4283,331
1468,4845,250
827,269,586
1889,1986,976
1964,3540,253
1649,1113,226
3259,2326,406
4265,2317,639
3235,4284,625
1883,2818,918
4866,803,996
2612,3682,556
3827,2399,973
4192,2357,202
4249,3832,752
3534,216,360
1289,4615,650
716,2060,963
2887,239,977
4436,1160,169
768,2787,281
3993,44,524
312,2577,844
2352,2945,614
397,4706,253
2501,1101,306
3568,4700,165
1601,2996,683
4479,37,322
3007,4007,661
106,1721,553
4500,2077,778
3165,4907,967
4560,1141,675
187,2933,467
4413,3084,430
3291,1561,222
4400,3763,973
2759,4696,534
1105,3371,482
1384,2424,624
4304,4729,878
3528,1777,928
3436,1705,587
2610,3918,416
805,1881,632
1591,2555,567
1735,2799,316
2918,4686,537
431,4640,206
1062,4855,337
4094,2591,459
121,1659,633
3435,405,220
2192,4596,463
3736,1654,812
4553,510,552
941,2456,207
2762,4261,358
3604,567,176
1351,1853,600
1791,2345,242
856,2469,472
1187,1560,205
4185,2952,561
3685,296,438
367,4755,459
2300,3916,850
3723,3795,437
2707,2097,814
2007,10,507
319,2936,787
3376,4352,411
32,4739,398
1143,3363,187
1364,2655,369
3368,71,756
2173,84,925
3381,44,126
847,2577,789
236,1841,314
2494,3916,582
3943,2831,405
2680,3763,693
4540,2029,413
1672,2092,744
826,3871,295
2518,522,841
4251,2404,206
4302,4332,798
2247,2226,287
4226,4305,726
3589,2431,210
2041,370,610
2474,1439,518
4919,3497,899
2956,4487,903
2463,2200,619
613,858,153
4314,1404,546
4207,2223,983
3741,1442,718
644,103,223
3043,4493,423
4586,95,915
3098,2477,109
4453,2723,663
1819,2989,453
1586,3347,331
3606,3875,784
1824,3480,341
2129,4776,846
3474,3289,433
1328,3259,592
3856,4513,880
523,2532,976
2580,1239,429
4399,529,614
1616,683,482
2545,4762,991
813,4069,203
756,1831,225
4540,3375,921
1140,1897,125
491,526,866
4304,2607,470
4387,4648,900
1675,2755,173
3381,3352,657
3291,1335,691
2044,4745,887
4671,1156,790
729,4130,982
2100,3274,686
3024,662,317
3723,2823,562
1931,2710,220
389,692,508
2102,4051,547
3711,1907,422
610,994,653
3736,2334,108
2224,3158,748
4989,32,675
3452,2514,217
4297,2188,192
1948,1825,883
2037,3795,554
2107,483,804
3410,2537,391
2706,903,544
2006,131,505
3244,2855,528
3556,1053,203
1192,3485,242
4654,3933,844
3002,3866,597
495,1025,415
2814,1413,666
1528,3130,530
1467,4357,195
1659,3948,752
1618,4356,270
4242,2050,232
4602,1327,291
1115,4118,187
4718,4303,524
2311,2441,824
854,339,307
3910,2841,295
1941,1352,131
944,1489,318
3221,2673,727
830,32,625
1478,4888,100
1601,4237,487
2667,2870,308
738,164,274
3108,214,209
813,416,215
2923,2562,783
1645,2053,457
965,1396,727
747,4923,592
2678,4417,734
3292,744,544
2129,4045,252
2550,4971,376
2192,400,258
2332,1625,454
999,1237,492
4143,3230,847
783,3397,487
1327,2406,457
2599,2114,271
2679,3103,365
3778,437,161
4055,4270,471
270,4699,225
1470,3180,347
1897,2724,678
1158,4253,521
2812,2070,994
3911,1171,662
2711,3448,815
4574,2919,282
871,1084,893
4599,2801,569
1246,1260,738
2175,1734,622
4562,2078,913
879,1345,500
2325,3539,129
3,857,885
4355,4298,387
3500,2757,203
1957,4383,452
1944,4721,371
2691,2018,721
2878,1753,696
2630,714,285
737,492,210
3563,3486,487
345,2577,850
2659,240,844
2023,3580,966
1313,4721,565
3950,3127,701
4891,3907,505
1804,3145,918
627,3361,672
1975,1683,150
1694,2220,472
2676,323,232
741,1796,115
3930,2419,258
4936,2134,720
4503,1332,880
1265,3650,892
1129,186,249
4605,1339,183
4082,329,609
504,3091,164
1741,2906,376
2726,2303,288
911,3168,374
1823,4553,950
3436,2744,392
4852,1458,123
1124,3511,352
1002,317,449
924,1737,269
3747,71,120
899,4354,577
3827,2361,203
1810,521,406
3440,3511,556
3664,3725,632
1670,3925,757
3115,219,902
2205,3832,764
181,3942,119
1380,4681,580
2404,1462,861
4580,1937,574
961,1209,741
2541,1319,872
4950,1979,649
4183,1550,995
4623,3266,511
1549,1915,535
3032,68,203
4367,866,227
540,4679,766
4091,2011,305
2648,1796,250
976,1049,212
3755,1583,834
2874,4728,136
4862,4632,983
3232,3924,213
1799,1594,169
2265,3997,650
4941,453,886
1641,4499,340
4894,4167,130
3964,2036,256
2959,1506,406
1200,2786,414
4743,3070,919
4649,4433,736
1928,4293,617
1902,2284,626
335,49,452
148,4511,332
2784,74,612
4908,1731,615
843,3608,721
2360,3680,876
350,238,129
2448,4918,241
3570,3805,325
3985,3134,504
400,2946,835
2424,1079,466
4392,3500,785
4176,1019,505
1125,1989,852
2504,2626,459
1445,2991,375
1170,87,367
118,4532,223
1669,4290,894
293,3429,230
167,3536,403
4832,498,211
192,550,612
4748,753,806
1142,190,542
4493,705,263
1481,3058,438
2966,3388,129
300,664,328
756,165,770
1459,3425,694
428,3931,691
3079,1709,264
2030,1719,478
2143,805,436
2504,2108,583
1231,4315,982
1656,1652,398
1131,66,443
1266,380,701
701,806,340
1355,862,130
1049,1021,177
1049,2713,273
4335,3620,810
250,2587,701
1086,235,745
828,3392,925
3699,1550,794
1732,1844,797
4837,3867,970
3898,1891,779
454,4480,251
695,356,107
40,1732,591
3474,3973,704
4559,2304,259
2854,2630,501
46,3809,465
3111,3849,187
4486,1956,751
1806,4701,212
1955,1036,370
1024,1699,662
2638,2295,780
4990,4148,532
315,845,400
543,4255,841
3085,3429,517
688,2884,481
3844,3997,315
2090,4787,774
2836,344,989
113,4185,395
4300,3439,742
4856,2042,524
4442,4479,468
2055,1480,267
2327,2660,972
3860,2527,652
407,4587,540
222,1292,415
1006,2800,755
3755,3313,705
3282,3159,639
4631,3818,572
2622,1834,842
1533,1501,669
3116,385,397
379,4869,227
3571,1368,344
971,4178,815
2494,3429,922
1630,4234,884
227,1776,958
3513,2043,625
3748,847,694
2451,974,221
3524,3542,112
347,2325,555
140,3361,259
2307,4391,401
1588,4614,925
1559,3445,946
1866,3460,451
4533,2028,429
4293,3282,548
3289,213,773
3327,4031,789
1361,4061,510
1150,2791,670
866,3123,349
3278,114,150
4354,547,107
3657,2752,108
3037,3825,980
2187,741,335
4958,1583,139
4446,2590,212
611,2493,595
1004,827,648
1806,1315,295
3368,343,383
2155,474,334
1173,1315,622
3853,3587,317
2655,4491,193
1450,369,975
4970,1971,459
123,2367,346
580,841,917
4901,1839,271
1952,1612,104
4584,3592,514
3775,1327,477
2880,1477,392
4563,2541,809
1950,3071,390
80,1494,900
4684,2919,355
2148,4821,316
237,3152,716
4008,4719,350
3578,1703,238
1437,1241,840
1192,3273,871
3345,3899,201
274,1122,200
3326,4954,398
3270,1837,572
1168,4018,475
88,4922,366
3190,1096,837
557,926,627
1861,1593,787
1624,275,788
2118,4848,389
2556,4101,371
2590,4292,451
3067,2928,256
2372,3080,300
4142,2661,652
265,4498,984
2543,4123,893
3376,4147,803
1712,2980,715
1743,4330,282
724,2329,475
733,1664,379
2759,1857,265
3706,3425,543
4480,1352,359
3909,4929,186
239,1997,590
2691,1544,215
3950,961,331
975,1322,543
3901,3952,908
4277,1073,589
3394,79,946
1419,3029,793
3068,291,279
3032,2321,797
4998,3037,743
4657,2461,306
3524,4182,149
111,4700,539
4753,4499,656
503,1514,163
1223,2214,325
1178,3326,302
1886,4737,593
1184,1838,829
4624,1055,892
691,3,551
135,3652,348
2665,553,595
4132,336,512
1195,4805,329
4528,3567,316
1,3971,188
694,4432,850
2583,924,965
595,3674,626
326,3424,342
2585,961,311
4159,3784,419
1787,2710,756
1632,1121,141
1741,1927,217
2946,2145,599
4153,465,517
186,3426,985
2887,4932,656
1760,3779,888
3235,2321,690
808,2100,515
888,485,700
1556,4717,791
4345,2672,171
3483,4517,608
87,1057,393
4512,3515,349
3366,1810,139
1337,2957,648
2809,84,112
3476,884,971
966,4354,202
2688,502,787
362,1699,188
1071,4412,523
2924,2522,214
3721,4568,948
2101,588,808
4220,1120,629
4801,702,437
3666,3399,752
1300,4759,451
3543,4656,386
2641,3997,548
3054,893,648
4257,1207,282
2709,3419,653
3046,92,683
379,2625,685
79,1860,187
4831,773,659
4904,2525,822
1148,2593,434
2691,166,397
3258,1238,120
1474,3289,697
516,370,620
3656,672,800
4345,2796,569
4206,748,807
2194,4491,151
100,3023,204
929,2374,481
3302,1122,346
3331,3205,754
4063,375,103
456,2026,160
367,960,978
3837,2569,614
1117,2203,993
1218,3591,782
4660,4088,473
1125,4772,771
193,3450,979
2148,703,171
1763,3495,904
100,4146,700
68,2579,914
3682,117,933
3820,4342,974
1979,1853,274
3919,3851,888
789,4042,118
2397,4672,325
2139,1587,504
981,4221,907
4781,114,720
4988,342,121
618,3859,530
1634,4914,770
4023,4372,943
2573,3522,625
4668,2705,875
3037,3792,351
2989,3971,978
4221,4079,322
837,4351,922
1276,4484,366
928,1647,106
2754,3676,575
965,381,558
177,646,365
4535,383,163
78,2939,819
194,72,526
2592,4638,497
3318,1299,601
3021,2042,275
4732,2207,929
1159,3804,562
4001,3749,649
1981,2515,463
4867,3003,773
550,3507,743
3555,4832,506
49,383,108
2161,2784,997
1485,3526,220
4674,1380,267
4648,4813,820
3290,1348,581
3927,3741,182
3803,779,698
1462,751,355
4959,25,820
4222,4411,881
2239,3715,974
3182,510,421
4039,3439,381
1878,771,422
4422,2565,732
3600,3424,802
3811,1329,325
436,1392,296
652,3360,763
1417,2398,690
814,1257,959
1941,3151,202
2086,176,382
3569,2145,276
2670,1775,670
4888,4786,669
970,2391,869
429,1161,337
270,1401,974
2848,2473,956
2271,1003,237
2412,95,979
1567,1731,229
2041,1049,663
488,2309,648
353,2639,913
342,258,558
1091,3975,474
2707,3079,617
3215,4186,359
4886,12,261
2747,1558,703
3477,3669,803
1785,2538,569
3866,4340,764
3995,929,160
3853,3473,775
2581,2582,595
3251,3623,255
4414,776,837
4131,4863,992
2728,4031,978
4344,955,847
1365,966,680
4824,794,591
594,2971,497
247,382,954
666,3635,489
595,4685,833
4311,3634,664
2426,4917,914
4111,373,880
291,4647,484
1790,4459,155
3290,2552,579
2845,3752,572
3731,1275,994
206,1111,498
1684,1710,566
4072,4470,687
1975,4692,689
845,4235,268
4131,3647,841
599,4281,899
2770,3847,579
676,4318,187
3097,4386,774
4485,1774,137
3856,1307,207
1212,3261,667
1224,4304,878
4429,117,427
442,29,152
1197,4712,638
1407,2014,699
2275,3559,671
1653,250,791
2452,2108,100
4045,4680,232
3230,4803,390
287,2538,920
2782,1567,393
3012,3674,497
2551,1953,123
2563,2277,853
2640,4448,387
4544,1809,545
3839,1095,377
2815,2484,491
1876,306,279
2018,1630,519
4341,1275,848
1265,3864,404
2854,1669,777
1558,2569,680
2494,4685,536
4893,1481,784
3925,2579,791
1192,188,188
1310,4798,305
4717,2636,420
4215,4371,478
4820,2590,552
3497,607,268
3869,4211,845
3567,1331,713
50,1639,933
2611,1371,249
3313,531,772
133,2435,736
3478,3275,268
82,1519,249
1499,4499,307
4336,1391,235
3696,3528,162
2318,367,686
29,2272,415
4166,2806,476
1830,4037,749
2585,4743,391
2132,2308,461
2985,2015,532
1786,4082,961
3630,533,683
2263,1648,377
254,22,101
4538,3326,103
3513,2904,326
168,1744,583
3663,2989,860
1402,2034,502
65,3221,374
1178,4545,260
4298,2946,423
209,4882,808
1723,3486,473
1241,4995,965
1234,1275,742
1610,1926,724
3426,3968,960
4363,2564,682
4020,1501,387
931,497,195
3590,831,967
4573,2145,219
2757,1357,136
1635,2298,330
4787,4796,802
3970,4671,684
568,1036,374
3540,4326,403
2975,1404,508
2787,3611,926
312,3941,610
1138,3356,605
3210,4990,797
3380,497,281
3049,4115,237
777,2940,644
1565,2108,153
2369,2141,573
1489,942,595
260,1055,204
253,3223,453
3991,3482,711
4763,1183,585
4271,958,135
3914,2206,481
4839,4436,399
590,75,818
1736,2518,546
2424,3787,412
2946,2933,721
1857,4168,244
3754,36,857
2114,2820,565
4870,2052,878
734,4014,664
1779,2879,662
3335,1420,218
2465,3182,319
606,3193,297
1368,4505,835
2273,1302,373
2123,3635,524
4249,4417,269
3744,3033,679
2960,1742,844
569,1500,647
1845,3229,825
689,3064,885
1788,3154,369
3499,1208,736
1651,2968,807
1688,3689,632
1485,2304,467
2782,2949,619
4361,4920,134
4194,1756,636
1758,1370,944
1093,3446,148
4130,787,790
521,1172,700
2023,4633,762
3111,4351,798
1874,631,186
3352,835,310
1336,3469,585
4208,4434,189
1767,3347,102
3505,556,683
4893,2785,135
2581,3425,964
2286,1722,571
1388,4293,239
1970,3793,733
2627,2576,606
2394,2080,700
4059,3200,172
2196,3491,900
4673,3892,590
4939,2621,286
1580,2627,612
931,893,719
1219,2900,885
722,2296,521
3960,3913,327
4932,1503,529
2873,3979,716
2297,795,891
2564,3439,336
2694,3402,703
3230,509,536
2595,1875,322
4629,2685,344
1678,3797,622
4673,929,853
1498,391,437
2931,2479,432
864,4971,312
2934,3448,683
4292,3499,191
1483,2960,203
1958,4746,549
334,472,414
4843,3877,695
1293,106,832
3920,224,424
4028,2557,419
2776,611,562
3183,2319,872
4058,4097,440
889,1647,881
622,4935,717
3068,167,137
4619,2532,413
800,2151,375
4243,2502,369
1257,4252,873
2547,1875,232
149,3471,873
2494,335,732
2738,3321,344
3087,154,792
955,4714,594
4069,2914,434
4374,3192,928
3532,2994,350
2329,3697,414
2216,731,666
3788,195,445
1405,938,441
891,4822,742
4907,3911,453
2190,3206,350
523,3847,950
3332,31,476
608,4262,525
4864,1254,875
2051,2873,536
3402,4907,535
2477,2136,963
3658,4433,292
2596,3558,586
2025,4054,641
3355,186,714
290,2108,394
4878,1114,232
1169,2137,354
3678,3335,331
3061,4546,213
2432,4156,871
2197,2058,993
1878,4829,355
1138,3118,499
3040,3960,232
224,174,104
1178,3906,899
1190,3872,775
2523,4442,855
4718,1135,621
2219,1154,167
2111,1597,365
751,2542,237
1601,2080,644
1123,1632,810
3641,465,351
3986,4599,258
2717,739,802
2437,3943,569
1871,1122,119
4950,1312,852
3318,406,609
1299,1363,335
3769,625,354
560,1146,348
3913,314,431
1941,3264,160
3537,1045,679
698,2705,566
1674,2986,868
3417,4061,562
1326,934,845
2762,3431,184
387,157,836
4142,1306,902
721,4337,827
810,1106,693
1184,2503,374
1162,4292,605
3573,1763,963
4312,2457,960
3252,4263,765
1985,2640,581
1730,125,732
740,4326,651
1887,2946,521
415,4945,629
2996,2162,660
31,4316,684
3132,3645,301
3813,913,898
3187,2414,829
887,3501,531
1407,359,668
2475,4266,184
3022,3927,991
23,2947,669
4971,2055,978
266,2614,951
929,3434,771
693,4882,444
3719,511,260
170,2556,813
2750,3444,564
3159,2910,364
1587,1319,311
3494,4120,207
375,228,486
1948,356,496
2163,4339,624
2661,4823,351
25,182,533
1641,3960,936
697,4030,474
4480,4124,281
3837,1866,465
1286,2748,411
2039,4205,388
4779,924,222
2070,2954,369
4016,590,865
3433,4147,270
98,3446,339
4290,2160,729
2243,1547,359
2888,2600,138
2691,4421,740
2552,1536,173
1151,3717,291
3161,4870,227
3916,2703,505
4486,3082,630
4712,1522,435
1756,3900,486
2677,3857,297
4581,3544,423
3103,1887,704
2571,2655,283
1728,2811,655
2417,2317,688
787,1092,500
4626,173,366
2746,4744,876
4939,4149,198
376,3071,765
804,3818,628
2826,1001,254
4165,4948,387
787,2563,238
1499,1830,369
966,4387,100
3041,1876,112
99,234,723
3011,2057,576
1277,697,852
1512,3828,212
1215,118,848
2863,4650,493
104,3130,563
883,4794,408
1609,1084,802
3368,1182,820
2043,1984,387
2857,2234,247
1609,4104,954
4950,1459,660
1168,811,193
1941,4798,488
1110,4667,363
496,707,286
4972,1042,882
3413,995,112
4383,2646,418
3747,2458,733
4180,4142,653
2421,2561,728
5,4611,828
3762,4452,233
2540,421,999
4229,1262,527
140,4508,324
2755,2027,253
652,428,300
179,4040,945
301,3501,349
3925,1793,183
2461,377,360
4622,4165,532
3261,3781,425
3622,4214,731
4234,3717,249
332,1203,975
3917,3102,851
1193,1939,901
2878,3440,861
301,672,756
1960,4754,435
4295,300,445
3376,4721,373
4074,3130,891
1814,4321,178
472,2666,573
3364,2554,365
2274,1349,259
2499,4217,524
683,2705,105
463,275,880
4530,3107,503
3346,1246,108
2250,3376,552
1104,129,687
4280,2580,643
2850,281,699
1206,4613,901
2671,3162,858
2433,2329,460
1424,3859,618
3755,1598,482
1121,1207,238
3520,1008,565
2755,4538,940
622,685,497
566,67,510
967,2427,600
3292,1560,545
3981,3538,162
4491,3996,185
2572,2,335
4859,4564,843
2374,4876,624
4867,40,467
4963,2105,601
466,1286,426
121,264,246
3417,1521,909
3551,4285,876
745,3557,752
990,1583,838
3026,3859,471
987,2156,205
3130,1312,685
356,1219,910
3900,3436,343
1880,1184,215
3801,922,563
4368,4040,113
3037,3006,664
3417,577,460
1679,339,606
724,1491,572
3309,3296,805
2432,4693,291
2203,1188,488
926,4238,781
4914,1420,211
4505,1293,539
3194,506,743
4514,1244,163
1367,121,892
1989,4392,852
3922,768,630
3641,2101,454
4384,1877,408
2980,802,208
3403,3370,484
3428,1624,802
3806,2159,380
3933,2160,135
1275,142,574
132,1346,449
3742,2463,763
676,305,151
4983,4258,931
1224,3822,869
3767,1590,741
1287,2734,791
1508,2553,723
2680,3806,516
1868,2385,610
4100,2101,928
2905,776,175
3675,4959,116
1095,4495,436
4366,17,513
3205,1818,450
2311,606,776
432,2170,879
4879,1677,475
3623,1021,758
1466,2791,808
3070,3008,109
4766,3082,892
771,3898,680
2887,4401,351
518,4795,851
3499,3941,528
2874,1574,232
4623,4419,700
1244,1439,391
1183,3328,177
3410,2498,445
1802,792,165
4670,2317,664
4917,260,835
3791,1670,765
3968,3078,838
3595,4356,929
3969,4894,729
1906,2827,461
736,1712,474
3731,2979,536
1852,4316,667
1127,4916,784
3665,3671,760
564,4158,832
2518,825,433
1083,767,866
2056,3562,646
398,2974,821
2535,3868,230
1040,149,872
4889,4213,100
375,1650,632
3676,2547,108
2977,4761,705
1637,1118,256
1122,3502,790
3750,4017,960
1687,861,292
4851,3870,901
587,1372,252
4524,1113,543
395,3171,458
3572,4086,958
4152,93,972
1100,3931,689
1085,3764,804
4731,2076,755
3611,4243,338
2623,3079,698
3,4222,800
3803,1204,563
3625,1521,985
3434,4771,487
1260,4068,428
3686,1457,743
4139,4570,266
1009,2006,899
4299,3711,316
3606,425,790
1597,1545,244
432,4692,746
3369,1615,468
726,4657,811
2462,1609,445
2717,3734,711
1158,3113,958
953,3113,300
4411,932,726
2071,2894,321
4952,4675,239
396,3138,272
1369,1840,198
1493,3805,409
4168,910,679
944,209,405
4072,2357,271
3508,3893,873
4873,3456,494
2101,185,317
3147,1891,333
2158,811,429
3932,4732,804
915,3159,323
1518,2266,221
2466,1909,266
3904,3128,419
2360,3416,738
4910,4951,416
2926,528,831
890,1069,536
1984,957,399
3076,596,371
199,3183,908
523,4275,534
980,2893,498
344,52,831
1592,2276,734
1058,1696,873
2991,4501,821
4167,2636,709
3792,2392,828
2805,3146,502
3935,1867,701
378,1360,328
1088,2349,219
844,2238,742
1432,3854,955
835,4429,859
1351,2200,822
1902,3914,247
4320,3577,120
253,4716,109
1039,467,810
3325,3317,783
2662,1740,238
1647,4160,715
3389,2309,442
3370,1415,400
2295,1094,224
1517,1518,768
4041,209,162
3628,4475,527
581,3354,906
3813,1350,262
4154,4738,150
4310,4234,159
1100,4655,505
1069,3418,135
1272,4573,436
3015,3741,576
324,1943,602
4486,2885,491
432,3857,655
4624,784,141
1388,2389,182
1047,205,250
848,2009,709
2015,2581,797
4858,2892,260
2689,4196,985
3569,2099,111
2294,1500,772
1168,2068,814
814,2131,616
3050,4428,836
3201,3241,855
3833,2689,138
39,3041,744
1599,2376,885
3407,3645,329
3384,2513,555
2989,1820,916
309,85,982
4887,4024,135
2978,1652,769
3767,3768,323
4101,3734,480
4076,4715,346
3555,3738,551
4716,2831,802
2904,3952,602
4022,2235,515
2521,4400,175
334,3347,832
3186,2861,561
438,1042,121
4312,2096,609
2059,3339,486
4601,3970,317
2565,4302,901
2561,1140,872
2625,1653,673
665,3173,885
377,1692,324
1154,484,837
209,3751,309
351,2949,725
1622,3610,433
1176,140,773
4343,3731,553
1472,509,425
889,2111,999
4555,2358,718
3185,3476,763
3916,2172,918
1386,4905,507
1179,3269,746
1620,1452,321
4529,2680,704
974,3550,331
723,4348,509
4718,3491,1000
76,54,490
3357,1575,247
4148,1644,944
507,3721,500
4805,1722,190
1394,4613,943
783,1057,629
3114,1360,609
1222,2507,390
902,300,522
4542,339,916
3859,4005,188
55,1211,689
1039,1162,799
48,1874,108
1437,3973,681
1304,3881,595
3505,339,231
4709,1146,264
4564,3518,405
2978,1779,883
1326,1027,718
3072,3700,806
2452,3388,360
4893,300,139
3251,464,611
3159,3993,363
2582,684,213
2529,4713,150
4484,1079,372
2194,2647,846
4482,49,656
1560,2409,510
961,4279,638
637,2059,441
471,4679,689
9,4520,937
3809,3372,960
366,4323,256
3684,4481,465
3216,606,223
4501,4836,113
1000,3718,247
2062,815,294
3689,1898,140
4777,2872,747
4712,724,115
4954,1326,705
667,3216,666
4441,4892,812
3062,3232,614
2571,4285,377
805,2297,803
4568,4344,642
1319,2863,477
4299,1210,619
1701,4807,664
4381,2014,196
4070,4704,847
3875,1571,431
3940,3448,295
4066,318,345
4215,1478,380
3578,4152,311
3272,259,413
2946,606,275
4660,1368,717
4305,3813,621
3944,1144,100
3623,2464,437
3423,1439,906
1209,4102,158
60,4663,143
4618,965,259
732,4120,735
2773,3574,173
2417,3571,363
1662,51,722
222,3527,850
1061,899,714
1144,2760,773
2703,1997,502
1513,2057,794
2187,3434,917
1669,3580,708
1624,4529,741
56,1469,353
120,346,911
526,4966,285
1820,797,380
614,2654,709
3797,3691,648
1993,2635,739
506,4835,534
1136,1218,538
78,4666,326
3206,816,421
2180,2247,684
4987,2939,807
2120,4190,898
2939,4020,467
3574,883,475
3996,1561,175
1927,4297,142
577,4441,426
446,770,447
4188,3582,554
4032,2000,288
704,2586,747
2732,701,183
1760,4053,573
4843,4001,445
3753,3250,596
3800,1613,290
2681,2458,366
3502,56,975
4945,2299,633
3293,2497,458
541,2886,131
531,4507,927
1419,3220,574
3777,1053,206
1782,4769,239
552,2340,148
2505,2629,722
2663,1505,859
3223,4470,584
4440,146,100
3804,4233,230
4309,3895,269
1890,2097,684
4543,4137,292
4813,3680,486
860,4625,211
2282,3406,275
263,2133,214
2610,3384,277
1301,27,386
4503,4156,556
514,1176,685
4699,3934,648
4067,1486,792
1985,226,240
2602,1793,899
576,457,214
1899,4813,234
4655,1508,623
3692,1613,961
2869,868,123
4022,63,387
1627,4204,509
321,970,780
1614,168,678
1969,4551,185
1685,4887,377
2145,3771,783
963,1774,759
3422,1188,393
300,2806,928
2992,3224,328
3120,831,946
507,1591,210
1705,2458,780
2823,262,824
1800,3510,102
1584,584,745
4903,1306,888
404,3229,256
2560,2919,116
2912,4672,257
2836,2247,982
2919,2431,922
862,1365,336
1510,4944,781
1741,4072,608
2983,2973,500
1205,283,874
2396,3769,456
4229,4589,283
4567,1330,497
3328,4384,610
482,4102,996
3903,4325,505
111,577,592
3180,2905,390
3414,47,445
2291,4178,114
2175,1440,231
4756,2428,800
1326,3956,719
3458,4191,562
454,525,745
2757,3019,159
3957,1188,439
4538,4751,918
3758,1210,885
2943,2329,636
3869,3990,377
4012,356,219
160,3094,475
2830,3258,178
161,1169,642
3197,1907,574
3867,3467,360
4201,2373,774
943,4289,763
2418,2302,606
1776,3527,674
1174,834,910
3916,1501,567
3762,3988,203
2378,4851,398
1515,1024,416
3832,635,176
2665,1073,511
2480,3642,691
2512,1331,207
4884,4916,360
1065,4275,542
1787,4291,981
2248,2290,912
2431,1090,824
824,1854,495
59,312,819
3116,1669,791
4841,1190,207
4871,3825,940
1088,502,159
2212,3233,833
4585,548,362
947,4274,722
2565,168,363
2223,1980,234
1550,2698,620
581,1781,560
4771,2770,685
881,1060,576
1361,304,973
2680,1367,493
4069,2499,857
875,3267,705
4107,1785,985
4311,4815,386
2948,4841,901
4667,3015,302
348,2656,531
3782,1936,547
3835,58,795
2699,4764,606
3331,3619,416
475,870,163
3627,1993,933
2032,225,724
936,2259,692
2134,363,932
3920,1633,766
182,2324,581
4894,4466,940
249,3177,802
1911,448,933
3005,2804,801
4139,3701,864
3865,3734,335
214,4616,803
4975,4027,436
2716,1466,313
4498,3747,172
3299,4253,313
1501,2024,966
4872,4034,644
3276,699,212
814,2930,923
3844,4221,987
37,1310,457
2010,2104,390
3651,3435,274
3126,4973,545
1482,289,984
2567,3333,421
1047,2847,579
4069,1103,627
1421,509,259
3690,1225,890
88,4787,798
200,688,553
772,1369,519
1762,4070,887
2710,2971,845
3090,2108,155
1576,38,425
4056,2272,839
4443,2018,652
1325,4654,413
3178,1105,231
4583,967,336
3676,1653,858
1591,4547,189
1059,1345,927
3467,4423,831
1068,3948,145
3156,2105,568
1353,3664,631
981,1990,342
1090,4929,127
4733,4224,200
1369,2895,281
1504,1125,515
4506,3912,825
2671,626,508
3373,3970,337
4937,4406,684
3894,4693,791
2386,4339,125
3737,2777,246
1923,755,196
1945,2968,902
4036,2974,347
2149,1604,560
1568,2994,291
1161,4978,988
674,3098,852
444,4624,924
2884,2189,111
669,3027,311
2942,3954,621
4327,3465,708
1815,3659,508
2562,1809,451
2405,1165,346
3495,3783,647
384,2036,611
553,2305,566
864,228,720
1490,753,680
3701,1613,366
1120,3233,849
494,3060,492
3051,2044,581
4664,2089,215
2014,4592,795
252,3049,832
4974,3150,897
3539,1409,678
3998,1664,207
3521,1615,759
3636,587,888
4848,1065,878
3757,1351,728
1484,4158,964
1862,2100,888
3566,1903,430
3489,2754,845
2612,688,160
2493,1431,753
2438,1943,207
2351,4721,577
4178,4358,732
3368,4903,814
3560,4220,910
3564,2317,572
2996,4741,702
16,4658,891
2196,343,766
4348,3588,488
1304,3373,262
305,2438,352
4798,1112,475
756,1924,747
123,3674,936
2223,3363,129
4197,4754,870
3766,3976,762
1418,4872,938
1368,4145,763
1420,2675,792
1927,3554,585
2351,1414,903
297,4728,453
2517,2796,180
4505,623,269
2119,1417,458
42,1712,125
192,3156,806
4580,3689,499
78,3211,512
2645,4091,779
4661,997,169
1009,3637,357
3636,4415,446
2213,1969,752
1868,1486,192
3136,1717,384
4856,663,476
2285,1887,354
1948,2290,169
930,1508,846
786,2579,315
1038,4938,883
4428,4639,649
202,4052,706
4720,4439,700
3073,4826,377
3067,1321,538
301,2836,826
1189,4989,916
4118,4685,587
160,4670,796
226,1126,201
2372,612,581
3995,4373,292
4927,2273,601
4291,961,413
3035,1845,307
774,735,225
3556,3502,664
15,3446,998
1668,555,170
2851,313,267
4548,2981,599
3327,534,509
416,1239,587
3663,4012,341
2844,1177,553
1586,2370,982
965,1359,332
2452,525,385
4781,3979,184
1104,4299,407
2825,1287,867
2877,709,131
3149,1787,110
4043,428,450
321,3631,770
1509,739,141
2677,753,852
1087,2560,282
4244,1929,444
491,1157,706
897,4553,966
4855,3528,602
1649,1884,193
3877,4713,630
1456,3138,670
4068,4387,338
4576,2967,822
2159,4633,100
2436,1733,671
3234,1775,513
636,3227,360
251,4386,161
595,2858,338
4705,514,727
3662,2985,640
1826,1753,366
1369,2488,447
3117,3351,977
4774,19,899
1456,2712,581
2565,3258,360
3971,2817,572
2541,4736,570
593,1022,797
3451,2311,908
2495,3019,909
614,4846,219
624,2590,319
2441,2957,258
2128,3707,717
2905,3829,997
3136,4927,820
4669,399,875
4074,1681,788
3091,504,184
4524,4464,507
619,2858,252
3304,1336,799
1815,3073,207
4787,1468,536
3731,489,647
4682,3746,516
996,4297,728
3827,3035,148
1425,4211,400
3811,2061,393
3285,3681,712
4055,1485,785
762,137,848
916,1404,421
3809,4074,156
4091,640,817
2114,3117,631
205,2328,213
1371,4846,340
3811,1649,387
109,1164,192
1171,121,544
4431,134,448
4034,2269,477
4415,4841,536
4310,3099,918
3712,294,792
428,3886,227
2933,3904,735
4115,3281,447
1354,2917,246
4329,3315,362
496,593,789
3731,1718,908
2726,3242,213
4824,4286,271
4568,4072,651
1548,2398,646
1257,2965,847
2867,2779,138
3377,1240,383
978,470,473
4408,372,163
3680,769,514
1189,4790,187
743,1846,445
1684,975,847
3426,3254,437
22,1026,430
3305,4092,661
2383,4777,660
1992,99,737
2492,259,614
4057,4551,904
1638,1573,973
4977,3561,571
2143,735,343
3597,3943,498
324,4716,110
900,422,235
1940,1965,421
3409,2698,926
3499,4117,579
367,1501,231
341,4148,429
3552,2044,824
3062,4149,686
2182,2821,117
1518,2804,551
4952,3419,813
394,3537,572
2540,4953,637
1072,1393,254
2049,1586,697
4302,1574,785
74,2628,890
1669,4617,806
2577,3871,874
422,1054,933
23,2809,314
4074,3666,199
3501,2809,461
750,582,917
2226,2899,130
1004,2572,637
2831,2883,841
1496,42,699
2271,651,248
2795,524,631
1803,3150,259
4550,2676,114
4067,518,664
3835,2857,455
4580,4906,303
2789,1058,709
3442,3657,156
2365,3752,556
1857,68,900
3068,1828,768
923,3053,942
2478,3115,881
347,3073,719
1481,247,283
2233,497,583
2893,2521,654
4770,2551,517
4887,1212,196
971,3488,353
3217,2715,548
2051,4182,790
4565,3285,237
2979,2477,623
4709,4358,769
1700,2771,917
3720,4061,409
4300,3023,752
2685,2513,811
2638,4172,404
4271,787,491
4715,1108,532
3657,2884,670
2835,2432,263
150,1143,306
1935,4452,135
581,3573,333
21,1842,719
1367,925,687
241,500,681
3277,2886,590
3508,129,451
1512,2470,343
61,1612,932
453,1430,845
3810,2551,838
4288,2932,566
3782,3507,692
1281,1106,364
3506,2172,125
1849,3030,418
3422,977,953
2471,2823,878
2091,4729,867
3550,371,858
1280,4052,855
1380,158,832
944,4267,409
4287,1258,834
3565,3869,551
1829,3207,655
3373,2281,335
3970,3714,501
1056,2492,524
4935,3354,466
4018,2172,100
952,3145,440
4302,4883,627
817,3059,860
798,4742,158
985,4487,687
4431,2100,897
4173,438,688
1214,3950,104
4398,569,390
2079,553,505
2621,797,779
2566,2886,868
1113,4093,716
659,12,475
2132,2511,444
2065,4908,112
3774,4006,475
4578,4374,175
658,3833,679
1061,4550,685
4580,4737,153
198,218,970
4159,1552,355
3060,3779,620
2256,3159,127
1852,1814,381
1522,316,853
1207,4210,378
2463,4390,937
3866,3134,624
4051,1633,106
4982,3178,147
4876,1038,652
4594,202,772
2568,1128,784
1575,2669,825
135,258,337
441,4005,321
3167,4978,297
693,2833,401
3050,3664,289
2967,515,300
2881,4098,339
1619,1084,704
2425,2679,832
4367,1612,402
4365,3858,986
1636,1948,763
3243,3709,915
1792,2790,899
462,3877,498
553,3578,255
395,2894,860
998,1233,306
4980,4110,448
4553,2808,974
1927,4335,218
1627,2103,336
1240,2677,543
1912,1604,552
989,4968,598
4247,895,708
3613,575,516
2324,1362,509
2280,383,132
3471,1661,299
1182,40,618
2965,3146,982
2027,4010,630
645,31,265
4953,3590,136
4496,687,996
4560,3708,114
4570,2615,308
1374,1410,356
1809,255,829
2600,2530,759
1988,4118,142
1333,4030,285
1679,1819,999
2586,332,278
918,2840,365
956,865,574
4052,248,811
133,629,517
1097,1563,164
649,3493,113
3380,3662,447
1374,1246,314
3618,4995,778
1691,2641,903
2850,3955,315
3941,3678,776
3127,1515,139
4634,2374,589
2336,4813,277
2346,4092,725
4898,1861,419
3946,1465,482
1166,986,493
1706,1318,1000
986,2130,935
3062,1174,847
1787,3396,396
2176,2300,295
804,960,251
1619,1781,851
210,1218,904
4890,610,792
1200,3938,629
4658,2918,570
1278,2850,398
4263,3912,806
1965,3203,659
4635,2209,862
3902,445,681
3775,1826,190
3585,2710,178
4838,1247,970
1087,3258,564
4548,1996,841
4833,210,906
4847,1105,520
2600,32,481
885,2696,213
4631,1594,961
3522,1257,758
1259,2719,978
2416,3695,190
1795,4654,881
3181,2010,635
2372,3861,987
3562,3314,196
798,4745,708
4482,1317,484
834,268,954
190,2106,550
2176,1364,709
3716,4164,393
4934,2811,315
4876,307,748
4548,2284,490
2996,1424,857
1080,4987,345
1204,4858,776
3679,1555,535
2289,4828,883
4740,4321,148
1939,3592,576
1412,899,713
2003,2111,768
4884,3359,740
582,4788,930
813,820,468
3899,3439,556
3236,850,646
4907,377,910
3216,1705,613
4113,2386,527
832,173,589
4015,1635,780
4373,1107,798
4462,3168,522
2531,1592,305
4225,4299,326
3107,2745,155
74,3048,788
3828,3075,388
705,1093,136
580,309,654
2431,1473,552
1788,4892,574
247,322,476
1045,1173,966
4333,1618,861
2863,69,821
1359,1117,215
4098,1631,722
4500,1467,863
3308,4918,575
1241,3098,796
4406,3426,532
4877,1512,361
3867,4577,909
4931,3066,461
348,2255,607
1432,3556,570
4041,1199,260
802,2864,372
4889,825,322
4386,2670,946
4072,2713,866
2738,3421,729
4364,3781,288
1253,3158,267
3394,1921,335
1673,303,994
798,2931,721
2477,4470,902
1864,2532,966
2162,1479,774
3079,2714,533
1351,497,918
3005,2675,639
4707,4134,439
2799,1990,316
378,4662,945
1395,2901,659
2251,4847,184
2467,2448,102
3893,3889,864
1814,4139,858
2796,66,250
1449,504,873
4233,1073,921
4588,251,424
2093,2277,390
3706,304,877
2700,1535,805
3638,2044,507
3,2218,567
744,470,280
1474,2127,827
4354,4671,764
668,4953,721
2459,3771,776
4347,3501,830
4780,4658,524
3372,2152,132
618,562,146
3539,2422,864
1209,2557,881
581,825,190
4976,2549,641
48,4821,943
1514,2883,828
2467,4185,294
4582,4727,569
163,742,231
4372,2563,577
2028,3531,613
4135,2206,315
1097,3244,904
1157,17,484
2518,4620,473
1694,997,636
3250,3749,880
4319,3462,743
1876,3211,695
4268,4257,332
3747,3646,542
2648,4035,515
151,4425,734
3931,812,747
743,1840,223
2174,3804,231
3910,419,105
3187,3363,166
870,2218,524
1317,4690,849
1714,2454,429
487,4757,192
2063,4874,970
3587,3459,540
4611,113,124
2276,913,915
3115,3985,503
3297,1375,250
3554,2882,555
3260,482,198
39,827,127
4261,1790,724
125,292,872
844,2929,802
1812,3882,629
40,169,502
1181,172,821
2207,790,610
2995,4678,583
2087,125,758
1383,4579,225
3612,3225,472
1244,2586,953
4825,2024,933
289,27,830
1307,1586,368
2423,632,613
2669,2399,707
1018,1263,351
1305,1574,576
1843,3182,639
187,690,559
4119,701,178
1938,3818,190
4376,4145,286
2504,4426,720
2923,3033,273
4194,3145,615
2745,2881,810
1860,4736,382
3554,4286,836
2009,4704,303
2678,1887,672
1473,2279,592
4355,546,358
2613,4748,335
1158,4133,206
3921,952,445
4921,4730,641
3460,47,592
4315,3679,163
510,63,878
1475,421,975
2412,1852,633
3075,3975,300
4979,2630,382
1831,2950,440
3369,3204,452
1764,3038,332
610,990,243
4836,4139,156
898,192,393
3909,2593,423
2654,758,162
935,4686,783
943,526,834
550,1305,189
1782,546,519
3027,638,926
803,3716,273
682,2502,199
2484,2346,889
431,2460,702
3473,2524,603
4769,2810,570
324,369,273
876,2150,551
4143,4760,511
1592,1342,123
4743,3383,690
137,2569,140
1944,3364,548
4598,2416,429
2186,2941,282
899,1501,280
2750,3709,893
2307,4699,713
246,3731,243
4109,3540,865
4925,1030,982
4111,1668,332
1636,2,451
3223,4086,654
2893,2276,362
1228,3470,985
4046,936,384
1955,4630,540
1650,4445,985
1419,279,309
1536,3301,980
1624,4267,319
2540,1126,471
3926,4164,218
4460,2397,323
3961,2982,720
4466,3865,564
3401,2003,184
744,3452,724
1543,43,760
127,3673,801
1782,694,212
2985,3529,766
4242,1635,562
3954,1210,341
523,634,705
235,4717,412
2282,3469,445
972,3683,707
3630,637,359
1330,1345,394
4951,873,949
3699,4136,240
1613,2004,937
4087,1223,884
1129,3363,236
317,4479,835
1009,1056,665
4678,2659,480
4256,4193,664
4342,4643,501
2708,3854,428
1390,3524,639
429,85,546
4981,1989,485
4485,2596,692
2870,2640,664
2153,4132,187
3703,3061,358
4217,3334,657
3535,3116,744
2489,4601,606
1303,2820,389
4319,241,258
4842,2501,173
1158,1070,220
395,3912,824
2546,1104,597
47,2405,448
3229,2875,709
4835,4226,938
845,1643,157
1507,3635,820
3506,679,700
1406,3775,150
4776,69,269
3630,106,732
2376,4445,717
434,4557,108
3603,3909,625
3856,1978,756
4758,2392,531
1752,1135,109
181,2520,311
2521,859,865
2700,587,213
2556,210,814
1519,3668,970
35,2452,836
868,693,829
4308,4291,971
4998,4806,124
4542,140,753
954,3550,972
3087,763,594
3902,3026,955
1870,474,554
2251,58,832
1864,1393,681
2973,3003,723
845,1933,423
451,720,445
4255,1901,126
518,3583,142
4898,3244,272
4455,779,995
3689,1588,569
2903,194,587
1216,1752,706
2268,2998,657
2154,1341,555
2510,980,568
2125,2422,872
278,2651,216
2273,73,241
2693,824,938
1689,4684,866
862,2533,300
1315,3989,898
4318,2816,556
3176,3335,122
3572,4116,391
3032,806,190
2829,2113,476
2073,1042,410
200,1613,967
3704,2688,887
338,3144,883
3268,2800,353
543,23,405
2731,4493,273
1790,3409,815
3646,1489,857
4992,1692,917
1866,15,434
719,2992,917
3866,2671,244
1398,1994,928
4147,3987,437
328,4799,475
545,4543,308
2585,3603,543
3619,3749,223
1699,855,439
1576,762,964
4990,1847,809
859,1943,771
3174,2186,937
2096,4031,439
2510,3930,529
2378,3846,856
2215,4930,340
3981,2866,371
3095,2689,268
2044,3714,584
4339,4078,948
1547,660,150
3743,1173,174
3593,2720,939
3799,923,466
4976,2605,135
1123,2017,220
2615,660,669
4579,4025,122
2378,2378,786
297,3329,478
2059,2206,885
2649,325,518
1014,3858,415
4441,2852,604
2222,107,217
2413,2460,426
2311,1845,864
69,3233,700
3376,3467,802
3834,2338,796
492,756,807
4282,3870,982
4771,679,661
3940,2493,202
3109,3902,957
3546,2253,446
3136,2406,835
3194,1252,127
1560,4370,601
1113,3902,350
3713,4547,379
3207,3447,270
1365,4618,858
3487,71,989
4476,2196,490
3290,3848,570
1126,4695,242
4439,4197,273
4707,471,475
1698,1708,352
805,2236,718
2657,3677,337
3244,1817,231
411,4775,630
1,3938,676
2660,217,680
1847,3273,109
4770,2017,336
2576,3968,739
1173,4276,272
4156,652,106
1312,2489,153
3790,2340,153
4450,1798,511
2942,2947,436
3792,1929,721
969,4302,526
4362,1130,112
4929,4911,946
69,1730,934
100,2798,549
1147,1603,254
808,3142,202
4998,1191,582
3078,3046,216
121,3779,283
553,798,270
3075,102,971
3200,3386,747
2428,1526,469
4031,738,292
173,695,146
2719,3183,385
142,1149,859
3399,2684,215
3018,2776,682
2145,3480,830
4285,3084,543
2811,799,218
3706,391,217
456,1625,318
979,2706,272
607,3550,556
2040,3089,410
3599,2242,112
228,3765,511
3578,2055,312
1224,876,936
4485,4229,412
762,2415,362
1756,2080,195
4123,2285,484
2606,4122,385
4461,4431,606
1410,2850,212
110,2291,599
3495,3084,613
575,1504,674
3221,4850,688
3562,274,130
4672,202,635
47,3419,255
1711,208,580
4253,4587,344
1532,4012,879
4354,3791,175
4983,2151,190
356,936,150
3112,2450,1000
469,1174,861
2145,4465,846
4949,612,470
2016,1211,576
735,3480,223
2765,211,495
4851,729,894
1062,1976,984
4826,3273,465
4594,3957,542
551,1325,904
4897,3459,190
4475,2968,789
2717,2532,778
2264,1172,891
1156,1816,157
1200,1632,457
2881,2939,877
4933,4959,491
4516,2346,205
1321,4014,207
792,1097,237
1711,123,411
3183,1015,512
968,4324,777
107,2924,650
4165,3660,771
3548,75,899
1707,3676,234
1769,573,285
3658,1704,899
3695,2057,963
3878,1850,821
3255,2257,787
673,582,392
1912,3331,828
1870,4692,832
520,1283,165
90,998,986
1114,2450,942
4499,1498,199
2714,4516,844
3473,2179,512
4024,4324,558
2297,1486,452
3020,683,301
4725,4500,910
3288,564,467
4215,2965,515
500,79,722
1149,4757,749
2969,2495,317
2551,1471,557
815,1948,112
3937,596,544
4059,1942,785
4265,4094,659
1753,166,509
3713,4431,546
4989,529,174
1411,569,851
3063,4046,598
3436,204,169
386,1534,197
74,4524,122
3572,196,407
1870,1382,429
3189,80,157
2244,78,993
1230,4375,616
1843,3738,709
3973,2607,554
3415,1976,556
4928,1234,471
4487,1127,238
1146,689,937
1372,850,785
2625,4189,495
2640,2874,580
812,318,912
2166,1085,520
1013,3094,346
4980,917,132
3640,3026,829
1493,533,352
3809,4144,878
3308,3730,121
1337,4604,919
2449,208,975
3481,2165,340
3003,593,358
2650,3310,432
4844,1673,231
2088,2554,970
2822,3796,938
4244,2708,323
1609,694,764
1060,1732,354
733,930,405
1881,617,365
531,1437,146
2882,1100,400
3572,3666,757
138,3932,465
3510,1299,462
1129,1344,667
2392,2938,849
4504,436,838
1137,2659,667
692,2275,921
2598,3876,462
1583,1714,611
1408,180,132
2791,3308,372
1962,4134,105
1109,1907,540
2355,2609,935
748,2335,277
3248,3633,727
4205,3722,416
1903,4997,732
4645,4998,260
2210,2239,687
2184,2107,952
1189,109,483
2490,4059,994
1048,4980,941
3779,2294,412
4910,147,611
2918,701,347
1720,2960,845
4681,2673,959
2012,2792,901
280,2236,730
3356,3112,469
4245,2431,620
1129,658,238
481,747,236
3323,1251,847
2982,994,444
1642,1719,182
3201,4032,962
4900,1831,138
2578,706,933
788,415,551
3244,4403,244
2537,3634,640
332,1693,191
2105,4397,310
4161,2343,925
4090,2914,444
2926,692,309
3173,3318,674
4083,3535,293
4194,3634,590
3645,2521,402
3215,3959,436
1067,3828,308
1580,3180,857
4433,3787,131
3533,778,514
2365,4930,605
4483,4890,351
4111,1652,280
2945,4001,143
3170,119,871
2733,1700,862
710,1116,292
3310,997,131
1577,851,753
377,3127,200
951,475,750
1278,4557,318
2179,883,464
2033,1745,123
3580,1653,244
1268,4096,110
63,1030,405
451,791,918
1635,1342,133
701,824,393
4386,49,249
446,1541,913
3871,844,721
3256,4536,202
1770,1589,409
2549,4823,603
2485,2246,584
3848,2973,102
3512,1271,333
3063,238,992
745,2499,773
2095,163,300
914,114,599
2912,3035,640
4743,4681,189
3356,594,419
377,187,713
3612,1075,492
4812,523,991
4012,1613,161
2642,4889,361
3170,1424,148
2208,3649,472
4952,3671,695
681,4073,770
937,182,981
3902,3354,779
4852,4264,485
4448,4647,120
3636,1949,288
295,1836,423
3132,1447,563
3520,3472,389
1632,3945,889
1988,4273,726
1032,1228,502
2027,524,680
1496,3531,615
2633,2974,783
2686,1058,598
1281,2298,954
2940,563,907
1208,3909,961
3309,4190,638
2527,3128,628
4601,536,170
3113,458,475
2373,4946,678
2631,1915,703
3704,2073,246
2232,457,874
1792,2931,197
1175,2176,775
1348,2987,989
1342,840,646
3571,338,109
2283,1578,256
3791,4312,454
509,751,990
4845,2178,588
1926,4481,419
3118,3107,920
2281,4819,120
4360,4540,427
4878,4009,623
3764,3711,686
1877,2387,115
1201,3545,260
2247,2227,427
16,727,374
4310,1272,499
4167,2696,781
2489,3233,422
2178,2446,224
3343,2527,241
2408,2475,805
2493,1600,404
1329,2578,926
3302,765,604
3895,77,365
2803,3883,655
2712,3569,301
1053,2393,546
1050,4457,540
4768,4976,534
1268,286,813
3576,630,711
2173,361,166
3634,4932,784
681,4360,776
2920,1636,888
3490,2733,928
418,407,270
1745,2483,601
2392,3845,113
1682,4693,332
3426,3577,938
4308,68,158
1732,2200,919
3838,4088,934
3339,2677,372
2536,95,569
2916,505,651
4067,2040,866
4252,3417,435
982,19,570
3718,1350,154
3317,600,417
27,3111,857
3476,3709,526
876,3754,875
3143,3079,466
3376,2676,732
96,945,708
1575,2635,270
2542,1437,970
23,1183,227
4705,4518,159
1508,3305,658
4288,3564,990
328,1011,781
4729,1663,285
2176,3843,260
429,2940,271
2729,2602,544
2254,4712,136
2642,1723,809
1919,4434,484
437,1771,722
48,4350,147
1306,3958,282
3266,1710,750
1412,1673,552
4842,2850,564
4360,516,399
4433,4185,205
4203,909,905
522,2497,690
178,3367,484
2304,2951,592
4423,4111,461
4555,4896,499
2503,3926,564
3910,522,210
3354,1527,665
3112,1617,181
59,3040,855
1143,4110,435
2038,2566,418
1744,3371,245
3266,3025,638
3991,1870,204
1316,3497,473
4943,1627,288
2516,4509,580
4749,885,926
670,4176,929
872,3547,150
1456,4089,751
229,1853,597
4921,4449,667
2886,2795,586
695,1763,343
596,529,590
4404,2770,855
4514,3711,416
3192,3067,171
112,637,725
4280,4896,681
4359,2290,119
573,853,892
2458,3264,866
1525,2269,493
2611,3841,306
744,2599,565
2886,277,171
4169,3464,991
2743,971,716
2421,4032,593
4996,1974,710
4079,2950,616
4392,3166,245
1934,4787,471
3769,2023,829
3417,3321,158
2244,1087,807
1442,3898,954
2226,3069,995
2936,1264,301
2882,1463,854
2355,4830,704
966,233,148
913,2251,445
717,1749,390
3911,1892,270
3015,920,776
1276,15,720
1581,3993,824
1797,4179,705
583,3420,879
4130,3224,939
2568,766,678
2754,4320,348
2717,4175,646
1960,4712,698
593,2972,291
3963,4911,415
1101,1670,652
2960,2619,525
1921,2568,814
103,1185,685
3370,948,186
3268,1834,395
1969,3496,377
2593,3080,869
4564,3841,699
1132,181,465
2166,3625,291
120,974,154
3521,4047,481
1766,3797,213
3574,1792,208
2828,1712,540
3360,2975,111
4265,1038,898
3785,2677,514
243,2446,588
4200,4915,268
3820,2992,785
303,3979,418
4830,2267,424
1407,3442,239
3048,4417,610
3112,102,157
3865,4697,994
1110,3596,671
2065,2139,152
4834,3813,280
4230,3883,693
3063,2523,295
1247,3214,804
2317,4755,453
3546,355,661
1534,4607,415
4638,3907,208
4135,4250,709
2901,1728,800
1376,3988,354
4966,4235,998
4588,3768,921
4855,1520,828
1102,1160,866
4710,4196,717
2079,696,916
131,2970,588
2648,1167,280
4960,2847,902
2688,594,753
2823,1947,112
1319,3202,529
951,1190,683
4156,2866,479
3082,765,444
3730,4377,679
422,348,872
1312,4098,511
4622,2177,189
1005,2490,118
3464,348,148
1487,4726,633
4211,1704,611
181,1852,925
216,685,349
3305,3327,782
3575,4057,410
1801,1741,349
4113,4934,975
4446,2469,977
618,3484,641
2437,2474,733
3842,1495,353
2113,2895,468
193,2588,794
3855,4611,571
4769,1067,219
1875,3676,218
405,403,212
346,4657,131
3563,2169,879
4354,539,826
1443,4359,239
4249,3080,199
3511,2645,755
283,1109,977
109,1130,425
3811,3577,552
3799,4985,911
2536,3849,587
2814,1821,380
3369,1657,529
158,3088,685
1951,3711,333
1608,555,837
1134,172,251
3344,2007,722
2905,3777,354
2351,1499,766
3586,2672,369
4507,4926,399
2440,262,184
2813,3537,843
3983,1451,561
3928,186,751
1685,2135,268
1483,4772,358
2256,1787,904
1234,2344,976
1767,1300,489
2696,1296,695
2005,2599,385
4428,1458,906
4238,1714,653
1558,3606,479
2187,3474,587
1442,3134,685
386,2680,233
3289,4197,715
1599,1463,242
3852,4612,119
3990,3892,823
1546,4354,940
2176,1050,282
4391,3624,345
2294,2932,776
210,1818,263
3536,1959,407
1034,3755,221
4156,25,483
4216,92,258
2117,1830,956
328,540,239
3224,468,185
4235,4437,887
4896,2580,469
4062,56,451
4213,914,221
269,4410,849
2593,3482,128
3816,219,992
2071,1337,408
4054,4685,853
3783,759,774
2868,470,957
926,2240,471
387,3676,550
4058,2580,962
2730,3496,231
1723,2158,165
2965,3116,632
783,4182,163
564,686,641
4450,3416,676
3737,319,647
2469,2844,643
176,3749,359
833,2945,267
2099,3993,485
2945,2606,965
3884,1252,907
4575,2443,717
3947,4072,630
3066,4539,147
1689,3504,749
2900,4851,748
158,2281,419
1032,4725,716
3867,2230,612
4998,3182,558
3729,3076,401
96,25,453
4279,1684,656
2898,1535,250
3474,911,120
148,3923,462
4977,1190,100
1768,4253,743
3114,3718,441
2574,2532,636
358,3369,361
1219,1706,757
4367,4428,182
3728,3679,367
4761,817,964
1628,3491,183
1846,1105,590
279,3672,450
2328,1584,514
2408,4796,102
4966,949,982
476,3393,221
2750,2843,349
134,3800,206
3924,1394,847
4800,3700,674
2388,2186,818
4082,4272,584
4154,1226,572
3240,1955,900
741,4594,868
1642,939,139
1660,1434,427
2025,3714,101
4396,2585,674
3149,2039,477
53,3413,325
363,1736,957
2738,3722,431
2254,1341,534
1668,4163,294
3919,3949,170
3417,2622,464
3580,4016,144
3004,1160,379
119,3591,297
407,3253,851
3817,2875,604
2070,4171,749
4372,4629,519
4709,2106,321
4113,2367,585
3645,4299,169
1023,529,668
57,4627,970
3891,643,535
3448,4095,150
653,896,295
4306,4251,476
4399,3378,555
898,4600,700
4635,2071,992
1531,3305,812
4304,3712,421
1308,562,968
1120,538,105
2265,3959,305
2365,3126,927
3629,4029,413
4187,4621,321
3858,4922,470
1649,4947,284
2613,3187,891
3520,2439,591
4307,1824,932
4425,447,326
1484,4341,390
189,4309,844
2329,650,457
98,3495,655
1985,1056,849
2967,2018,634
1333,917,282
2171,1626,217
2762,4699,373
1507,395,313
3021,1756,407
4239,656,242
3646,4653,435
4028,1272,111
4772,2584,333
2440,4820,515
2943,1309,898
3220,3265,696
2016,2686,730
3349,2963,507
84,452,663
1460,924,730
2216,2690,728
2474,1530,192
4764,953,672
1725,629,194
3295,3320,189
2412,2961,480
142,4294,358
3456,2602,198
4306,234,267
868,334,318
4024,2246,771
4696,1959,345
2558,344,998
2082,4949,498
4217,4931,939
1247,2515,725
1715,3667,300
2157,2893,183
311,1997,634
4314,3968,658
544,142,423
3306,771,440
419,2885,359
102,219,412
2380,2026,919
1042,2489,625
1879,2167,812
1500,1557,906
2199,1292,121
200,3953,316
1876,3981,718
1562,4507,434
1146,2287,807
345,321,197
3891,630,126
1989,879,589
115,1965,876
863,2063,714
1286,2819,536
3831,4691,802
1765,4365,176
4402,1286,786
2310,759,328
889,743,806
4839,4625,108
3161,2929,149
4296,1243,161
3226,722,892
4663,14,920
143,3614,114
2394,3746,983
4705,4799,951
386,245,807
91,3849,819
4423,3063,412
36,85,177
1730,2185,916
1281,4385,885
1326,433,994
738,4404,178
486,3062,904
1254,4870,967
3481,2445,583
494,1079,596
1966,2271,822
4944,3299,977
3811,420,987
2894,4314,713
3694,57,639
391,382,450
3048,27,899
4115,3398,593
4534,868,952
3380,2576,287
2004,1092,352
1587,3169,141
1588,4855,482
973,1307,829
692,1094,299
1252,3499,104
3972,2764,696
4088,374,185
2102,1114,554
4413,4717,660
140,2058,731
549,4810,786
2652,4389,721
1276,3139,476
1551,292,634
4760,4455,934
1127,1984,524
1922,4384,374
47,1819,823
1618,251,675
2301,1537,393
2822,1749,683
1169,3968,261
823,4065,670
3873,4196,562
3005,3453,140
3102,3071,403
294,4000,563
1561,4482,876
4956,3774,873
336,4626,103
3642,1902,105
4103,4280,694
2209,4107,838
4275,3138,782
4812,1042,762
3635,588,175
751,1319,944
3611,3895,853
3761,172,470
3772,1163,439
1748,1189,780
1951,3315,903
2943,332,220
429,733,686
1685,366,392
2222,4579,368
2002,219,183
3871,4001,464
4812,1936,503
2557,3255,561
505,734,153
3462,869,146
2265,3939,709
3940,434,696
2641,539,733
1587,1969,796
3371,176,383
541,501,171
3725,926,347
1257,1522,592
1614,4976,951
3282,997,849
2269,2843,576
1927,4416,559
528,4105,196
1508,915,747
739,266,733
1922,1596,195
1057,3603,604
4272,2733,454
334,2645,862
3142,4502,209
2167,504,173
4046,2787,545
1170,951,973
4904,4499,671
3344,1193,656
4435,1707,913
4664,1674,142
4637,3372,183
2469,4923,210
3551,3585,478
295,1604,112
1785,361,545
206,2673,578
3387,2150,319
3487,2232,940
510,3856,322
726,4705,985
480,2403,813
2206,1773,332
979,3323,706
927,4528,875
4291,4444,892
2422,1153,292
1669,4079,121
4605,336,841
1658,3263,368
2526,2895,338
2963,288,472
4237,2345,262
2617,3856,834
1653,534,501
2326,2888,557
2496,4978,253
4529,129,880
963,1939,403
4236,1360,352
485,942,487
2732,4955,740
129,1882,451
315,1138,131
4943,1343,384
1214,2445,864
725,1626,658
3751,694,717
3245,1512,199
2722,1377,830
606,2064,652
2022,4561,851
1835,3775,568
1384,2386,555
497,1902,624
2940,75,405
3065,1958,276
3398,1336,779
1282,4582,882
2436,2944,648
856,1316,570
2150,954,831
1119,163,274
4498,238,153
4904,4833,257
3767,896,195
3979,823,521
2426,1447,134
4442,4203,137
4888,2760,987
4540,2947,770
4376,1110,117
3971,2505,799
1875,411,446
3381,2918,968
1833,3536,695
1214,2749,618
4025,4809,204
1820,3782,674
4270,2497,840
3878,1422,269
438,2642,855
1673,5,361
656,4536,228
1586,2577,292
489,4324,287
912,4129,757
1280,3601,626
2747,252,813
4243,4247,883
4508,3983,568
74,1474,587
3077,2536,674
3712,943,905
1720,3453,953
267,3217,425
4986,3353,200
1127,1366,324
1411,3622,326
2213,4440,666
1641,1586,488
589,1104,346
2504,608,353
2562,2044,574
2966,1090,201
4712,2035,219
1101,778,176
4128,1835,934
2487,1313,287
1194,3819,521
3456,3186,544
2617,4747,758
2242,2264,831
2237,4336,751
2860,1917,443
2854,4137,179
760,2270,447
1000,1021,526
2442,2098,354
2624,4458,853
4920,2468,480
1922,4994,167
4422,2853,786
1240,2320,239
2410,2368,794
2327,4587,189
4861,2533,186
1919,4397,429
1098,1329,653
4063,464,306
4586,1704,350
3916,2547,856
1904,2221,361
4712,2968,886
3918,850,774
4900,680,475
4710,1293,105
2354,2666,475
616,2622,611
1093,1452,566
1410,3200,149
805,944,793
4847,3556,523
2580,715,122
292,4848,617
3011,1589,765
3884,632,336
82,4910,659
1858,4033,859
4749,1095,950
3402,3543,772
1241,3856,108
641,988,935
4863,1686,103
1695,1157,843
4242,4026,283
3666,863,613
719,623,736
2540,4650,407
1386,2694,249
2917,3335,855
2868,1103,456
4345,3487,741
555,14,807
1895,4294,877
2443,4136,121
2221,1206,906
967,3558,777
3875,56,691
1099,4394,722
1448,1094,866
2673,3411,480
3156,1447,564
1440,1304,509
3439,1225,282
4249,3919,623
2127,2229,910
4182,1185,880
4640,3474,334
3030,1326,128
1200,381,309
126,3656,809
1832,4546,865
3802,2736,590
1657,647,196
3486,129,289
4916,732,537
2768,3560,520
466,3689,761
664,4375,912
3296,1290,437
1340,3986,873
1409,3068,952
2058,761,736
3828,3212,163
151,2948,286
283,4197,564
1895,3678,302
2896,4249,125
2808,3242,218
444,2406,452
969,935,218
2119,1075,567
1257,2567,595
332,1305,915
1587,2644,731
2557,4352,984
2640,2079,806
1127,4125,950
1613,1787,879
593,4700,442
1736,2128,824
1385,2713,969
3174,3645,329
4344,1411,408
1842,1295,148
2436,980,263
616,2121,143
525,1502,119
3803,3136,329
799,3462,400
1492,354,720
1316,4508,422
942,1779,374
1886,4294,630
2801,434,286
2565,4642,279
632,1589,476
233,1630,664
3772,2726,223
1970,2665,780
3164,3710,287
2594,612,351
4766,3069,626
2690,1766,526
3922,1946,641
3478,909,314
3969,993,171
3803,1016,492
920,2150,421
2343,497,138
2725,3112,379
3841,4617,885
3330,4523,618
1673,2987,668
594,717,458
1197,682,338
1110,444,837
1621,1466,576
5,2759,648
3492,45,534
4679,4371,352
524,1275,225
3849,767,675
2554,4235,940
3841,2311,663
1752,1595,733
4915,4714,329
2506,2101,755
1004,3817,904
2162,2389,192
36,4336,578
38,3798,531
2583,2733,539
4703,4173,406
1095,29,479
4653,1250,275
4036,800,539
3597,2132,276
379,3489,973
4876,1168,850
982,3453,688
4784,2678,545
4924,3532,349
3721,3171,135
4517,2834,385
3127,2294,258
438,1967,332
727,4408,276
1111,4857,811
3303,1665,565
4782,2982,118
4529,4738,839
4357,1351,269
4582,4378,435
618,56,606
3328,1454,149
4864,677,183
212,4479,405
2178,4183,915
1682,905,924
4372,2792,990
1945,2505,731
4630,2293,849
2896,3915,471
650,1479,955
4402,18,859
4030,813,896
667,4101,609
1392,1845,219
1083,2985,235
1595,4719,234
4345,2108,140
1221,4376,638
2994,213,815
1611,3923,789
341,1307,296
923,1760,525
4673,3788,223
1999,3775,996
1005,1355,442
1184,4088,483
4142,1531,986
2457,1263,641
365,3315,296
563,2883,168
4102,4243,842
4378,3679,136
2988,2525,129
1989,906,467
1531,3746,472
4152,3005,831
2538,1837,934
3695,655,843
64,1636,628
1149,2446,229
4148,4889,221
1486,2347,605
2549,2866,989
3330,4860,552
1828,1052,537
855,56,949
1644,3882,306
4507,3409,807
2022,268,216
3512,3042,485
831,3626,208
4900,2376,378
4647,637,553
1533,2114,526
3924,2640,522
4414,3995,794
1101,4622,127
972,2412,907
4013,4830,914
3630,168,444
2227,4640,987
3445,4224,733
4708,200,648
2903,1169,425
2643,2577,847
4920,1802,520
1145,1667,735
2161,3630,963
4430,4511,710
2264,3126,713
3196,4473,837
3687,99,613
4537,2715,406
2376,3132,996
197,676,594
3834,2505,522
3624,4218,842
2517,612,561
272,3743,850
1288,2759,577
4066,4817,625
12,169,853
2486,3941,812
2824,609,590
2777,1568,451
1608,2644,822
4920,487,553
2086,1068,197
842,185,220
3205,3806,174
4893,79,973
1787,1184,211
1809,577,675
4695,3982,731
4675,1992,657
2289,419,149
3879,3414,291
2756,796,157
2503,1647,742
3807,1149,597
176,749,420
2121,1515,990
351,346,119
2589,4784,452
2753,2008,565
3790,990,353
3678,2718,986
2792,1659,516
2806,2904,226
282,1418,402
458,4746,445
1423,2255,830
1331,4042,292
2407,2278,550
1015,355,444
876,3569,523
3636,2269,773
4193,3692,205
3477,3136,929
930,2566,799
3349,1990,202
2465,2868,403
4620,3007,926
3606,4075,215
3309,2704,162
4604,1517,520
1199,3943,188
2091,4711,700
288,4958,808
4749,2538,461
3783,2723,107
2488,3985,591
584,2089,287
3312,3628,754
2064,3011,786
1601,625,504
4167,3017,950
3172,1980,816
2105,365,835
3355,630,780
4197,4650,178
1550,585,588
2955,1775,356
3742,407,848
2367,3872,833
4398,2575,414
1801,1875,667
4507,1924,448
761,1276,462
139,2535,469
2874,4250,601
461,4680,647
4050,3524,404
1119,288,185
451,3463,604
28,2531,707
4333,1509,562
3725,1492,907
3344,3640,695
2982,4465,421
4588,1081,571
1083,1403,109
3585,3137,982
996,3817,334
1707,1767,414
1786,4572,558
3120,4531,992
4463,366,335
3092,2614,588
4855,2611,144
2807,2308,867
4428,3377,479
3096,1159,613
1210,4857,850
2122,3456,413
4033,4163,816
2887,4181,497
2096,1973,765
3429,2158,469
634,1095,645
3072,3366,806
1801,1073,829
4206,2779,339
2807,278,897
1927,4163,357
4151,4435,872
3796,4503,869
757,1282,1000
4324,3725,605
3837,1150,977
1616,4899,689
4821,3777,677
4009,4758,798
4988,2748,130
3814,1681,782
1129,926,618
468,4597,336
676,3950,322
4827,754,620
2838,4960,398
2567,389,260
951,899,981
2012,4444,866
2487,3313,108
3847,1629,168
4109,3642,243
4571,4039,733
3396,2575,746
2178,4039,221
4072,1363,228
871,578,714
354,2106,570
4454,4005,440
1425,460,521
2408,1212,137
3467,3370,530
4777,435,583
1848,2521,327
672,4293,236
172,1576,749
4472,3161,134
1752,554,465
1713,1498,288
1562,1813,787
1928,2856,738
1001,244,196
1102,2578,468
882,2296,866
1155,1946,194
1964,884,976
3731,4573,482
1010,4892,260
3835,2261,614
3553,939,699
2729,1687,914
2760,1946,270
4046,4630,942
3019,2509,465
1641,273,263
4482,4409,267
1965,3391,515
368,561,828
151,1633,939
1591,2015,167
2812,4825,398
4361,1992,897
1650,3231,220
3098,2146,906
2544,3605,827
1905,1171,147
2968,2530,827
3978,4398,918
2938,470,500
3228,3313,147
860,2753,196
2720,1180,269
1354,4186,554
54,3891,800
4470,1166,271
4972,43,756
4453,3419,104
2213,201,779
2775,4725,557
4508,2055,532
2623,797,772
3120,2649,685
1457,3766,969
4759,205,471
1980,4390,741
4919,1754,937
955,4590,107
1230,36,282
2334,796,960
1736,3224,319
1580,143,991
3654,1937,120
4212,721,623
2710,69,548
1370,725,126
3718,4072,564
1589,4015,715
2823,758,757
3199,1227,365
1374,1125,290
3142,2844,329
4421,4445,165
150,1407,525
45,2005,457
2451,4156,702
1695,4753,921
3076,1025,164
260,1225,207
3261,4077,324
1757,4972,991
189,450,628
1694,4952,814
2919,3910,692
2156,533,438
509,2545,101
3222,1022,481
3662,372,544
225,845,609
4872,4875,603
1024,3660,396
2915,941,291
185,394,499
2293,4149,186
3802,3568,615
689,1675,526
1502,3803,941
368,1411,643
4304,3115,668
1148,1911,845
2262,2396,393
2306,2086,130
4053,3905,333
4320,3801,729
3470,467,550
1242,3781,221
1279,1668,114
4710,1002,519
4902,190,346
1590,3135,868
1751,449,457
3408,4541,465
4058,3242,171
4648,4827,530
4838,3510,117
4561,1219,725
296,2894,301
4326,4384,550
4473,418,350
3751,3152,887
4327,2188,525
4102,3568,212
1377,3365,557
4309,496,250
2903,1786,800
2708,1753,882
29,3961,854
4108,4902,583
850,4675,797
1037,2938,624
3229,673,590
1848,2264,726
2187,3183,797
4677,4903,327
4901,3655,895
3748,2485,664
889,2572,665
1631,2299,949
1215,4279,680
3709,1419,261
2321,342,182
2425,2641,961
1843,2979,303
2678,58,483
2833,1997,108
2868,288,142
644,3730,819
1813,1566,155
5,4352,572
284,2468,148
2543,2420,917
2191,4028,243
4230,3711,718
1078,3841,325
3476,2807,737
102,3940,691
1108,1856,244
2068,2817,408
4129,4363,765
4985,4410,699
342,1803,369
2786,3616,497
3174,4881,677
3651,990,928
1529,3805,834
4302,2914,285
114,441,552
1840,341,526
2749,4420,755
3984,1910,458
2580,41,696
2347,851,469
2613,1161,627
3074,2785,811
4622,3142,1000
1343,3264,693
765,4333,953
174,4353,767
3998,808,241
2279,3245,458
3253,4377,324
2377,419,715
2831,4409,100
430,2883,520
1782,1066,386
1700,3855,941
4500,1200,649
801,4403,100
2658,2025,356
2239,716,170
3803,3751,163
2350,3534,367
4196,4587,971
1629,2616,962
4578,3157,687
979,385,615
4891,976,469
4136,669,584
75,1004,505
4897,4793,952
632,2009,501
3835,1591,316
798,4890,713
3364,3321,679
2968,3052,938
3273,4532,873
4070,3679,590
4941,4763,346
3495,4292,429
3426,1533,462
4055,72,979
3984,4145,863
1735,3610,113
3077,3973,722
3876,396,796
2391,427,358
1064,2038,878
3833,48,482
619,2195,491
1052,3746,197
3585,1328,962
3801,2319,340
1540,898,952
3954,4562,414
2137,3578,859
3588,2719,730
3150,3872,740
730,3634,358
903,4054,500
1490,2717,136
4800,2695,142
392,2461,395
1008,3308,932
297,347,151
371,880,723
1743,370,754
1336,4389,275
117,1007,138
4907,4708,608
2144,14,891
610,3267,972
26,4458,127
4017,1322,220
355,1452,328
1351,821,844
987,4035,469
2600,2759,709
2315,4234,914
1077,3581,569
4166,3493,894
313,1512,923
1266,2775,618
4635,3270,394
4681,822,313
4491,538,733
1162,1218,403
889,4239,435
3904,604,503
4292,3567,441
3868,3217,993
1113,4176,274
443,1412,993
549,808,740
2563,4854,752
254,107,530
3000,3207,231
2019,1705,571
3370,2377,641
3973,4434,690
4913,519,288
1235,32,804
3390,198,502
1548,1613,552
2182,3654,849
68,1275,909
2594,3954,959
1744,4344,955
2966,2823,551
2778,2654,676
4719,1137,423
1496,2939,671
3682,125,445
4755,1819,567
4053,846,649
4914,3604,876
3438,849,774
2225,3397,801
3726,3337,264
178,3275,178
175,1602,346
3305,1417,251
4337,870,273
2604,4989,843
4538,2008,439
1321,2097,777
851,3988,895
2064,4470,383
2419,1938,778
823,3634,291
2837,1144,127
505,3374,841
2654,2031,815
2436,1008,479
3270,4004,996
3597,3636,443
3540,308,610
2970,1476,796
156,3879,351
67,2163,354
1580,4135,629
4310,991,482
3054,963,558
630,1311,516
855,3375,105
2707,2611,907
4879,752,869
3870,4344,948
2293,4244,343
3089,4352,846
4793,4270,898
1885,586,591
1936,4995,836
4915,1995,115
4144,3154,881
4596,2114,378
1452,2864,139
3689,1648,791
1958,103,170
94,4781,895
1592,1917,974
1356,4615,528
1385,709,770
1314,2747,258
2743,4674,681
72,1219,537
3024,3338,892
2356,1986,637
7,1185,335
3151,259,805
4224,4327,123
1898,4099,876
31,750,219
3162,2910,525
3301,2093,357
3672,3029,174
4347,4936,413
4532,1226,992
6,3123,813
3448,4179,413
2912,1018,101
4598,128,587
2151,2647,234
3959,4734,778
66,3284,639
4777,4924,151
4006,1735,529
3956,1219,627
3367,1780,335
4846,2995,669
3647,184,460
112,3122,949
4717,1428,787
1811,544,709
4233,2356,320
3513,1143,140
1239,3622,599
628,2437,300
2634,4552,818
2336,2314,880
635,3269,768
2308,2575,444
3533,1179,189
160,2790,810
2963,1974,553
1802,4632,524
4023,2415,422
3595,3643,697
204,2441,871
3945,1399,299
2910,2152,237
3153,4609,509
2463,718,969
3661,3513,154
3611,1353,220
160,4247,429
442,1947,281
3088,1921,329
2952,3028,708
3582,813,363
426,2671,836
1822,4710,991
386,4765,567
454,4524,701
3372,2387,683
3988,785,957
4278,4273,757
1592,1441,119
480,2012,185
3480,3156,981
4310,2828,186
461,1580,742
4510,1876,311
4994,486,158
4470,4338,463
662,2424,824
463,4496,409
3605,2184,930
4628,4068,964
1008,1849,737
1249,3388,872
1646,3295,676
2080,583,398
3777,1171,174
1678,4182,305
2090,3447,629
4087,1318,938
920,845,328
614,1531,204
3229,1756,636
4713,475,805
4927,863,897
2136,1638,927
123,998,279
3194,3307,699
3495,648,361
4221,3209,263
3495,833,488
2914,3107,395
2432,4132,346
1501,2270,842
1518,3331,404
2023,3008,200
4984,4545,322
10,601,333
4111,4105,726
1351,1461,486
1084,3611,620
3843,3337,402
3112,4280,982
3109,3014,585
657,213,862
1199,1916,437
2696,2718,617
4706,587,666
2013,2558,133
3214,3430,815
1282,216,972
3307,3006,474
4443,953,868
2723,2363,815
4675,3335,220
1981,488,103
2230,3961,396
4090,477,792
3492,2693,655
876,3289,629
