PackagingID,ProductID,Aantal
2877,1175,375
4754,926,333
127,2095,120
4074,2344,255
2479,513,112
916,3721,955
50,1663,604
1049,2165,407
1200,4777,401
3573,4290,534
1537,4105,648
4120,666,510
4695,1297,781
3731,2571,874
1663,31,471
392,1145,242
2658,1539,186
2722,1841,399
2847,70,975
3248,1392,319
1713,2646,342
2133,312,863
347,104,993
4382,50,605
216,3390,928
4623,4728,748
2968,2701,542
4459,4044,109
1937,2978,881
1767,955,844
4959,1344,537
1817,1496,486
3472,4814,454
2611,4747,361
715,3989,855
888,2435,592
2493,1674,964
1074,3921,417
3875,1126,622
2423,1858,531
3741,3967,492
1781,2961,536
2707,4626,821
684,3176,725
2898,3436,395
1852,149,367
13,1804,253
4464,745,160
3914,3590,575
2232,320,548
1494,2803,827
4141,4186,830
280,4896,193
1901,1221,847
4679,1647,794
1978,1554,245
1380,3579,346
1128,3607,931
4530,3093,632
4307,1587,713
2190,2187,792
2218,419,366
897,873,267
1567,4746,794
4328,775,248
579,1231,371
4258,1077,480
946,2348,857
2543,3243,867
770,4905,339
1596,2132,222
3135,980,691
4871,2465,719
3843,759,648
2387,1275,123
3485,1742,962
2721,4902,673
2732,53,580
3879,4986,296
1158,1310,789
3416,1520,860
4191,1366,872
967,1875,926
405,1809,829
2020,1651,803
2439,4715,969
4485,1338,152
1305,989,558
766,4434,782
1510,1370,108
2021,4082,246
3592,4036,510
881,2161,137
4270,4360,852
2503,191,347
4978,1855,128
1731,2113,470
3349,4418,435
4798,3986,628
778,4720,281
3961,1651,732
2438,3629,400
548,1054,647
3465,4845,627
2218,3872,453
2836,3896,834
4483,3460,675
2308,1096,708
2583,2814,163
2044,4194,345
3453,2063,961
754,2520,614
1984,4445,798
3376,4181,912
4171,4703,673
2461,1578,257
3212,2412,297
1391,1159,855
4626,2207,689
656,1120,921
1768,2648,883
1387,266,709
1390,3252,374
4538,4614,412
1585,3493,130
340,628,135
2200,3869,807
3744,3267,840
4269,2595,344
1440,2314,850
4405,2669,136
1110,1351,668
2923,693,696
867,4681,845
3709,1036,793
1046,582,211
1733,1641,375
2812,3454,712
2660,3264,337
3154,3884,389
3539,4172,704
2661,4185,618
3746,660,819
383,2166,344
2449,1573,310
2478,303,623
890,4349,539
3951,3891,148
769,4230,199
3580,1575,567
2003,3645,936
1111,420,423
2905,4215,825
2791,3181,786
80,4328,360
4417,2703,722
2682,3557,197
4812,1825,369
1677,1743,543
1897,4654,226
1745,3708,694
735,2767,435
3396,4753,271
100,874,683
1131,3030,484
1750,4574,213
4382,472,925
3246,2729,679
4454,2682,138
1622,715,297
251,1108,425
1792,1089,203
660,265,566
3446,3681,472
953,3830,562
896,4336,693
3062,2128,552
110,4818,990
2150,2671,892
4309,4682,203
779,2347,534
4390,1361,455
3691,3117,492
2313,1505,942
571,4526,570
3551,3316,438
1036,3298,295
769,2853,463
624,438,638
501,1815,970
1848,4626,975
4802,4591,480
4845,1952,300
3819,1279,181
3529,2808,187
1550,1618,913
3607,3118,715
1767,2032,343
4684,4828,253
4425,4990,153
660,1006,448
1081,1920,960
1426,2651,701
502,811,950
3825,1069,303
3822,4669,668
1184,2957,994
3691,3305,349
4935,4217,672
2940,2362,927
2000,4856,235
1690,3201,454
799,3674,720
2892,2504,486
2017,822,403
4592,2279,521
3370,2042,659
2504,1847,144
2815,1682,980
3366,3262,773
2614,3471,820
4730,1811,315
1168,3411,166
1674,2901,874
530,1686,553
1953,370,232
3400,2590,119
2455,4216,705
1596,3954,699
747,1176,721
1144,515,855
171,4214,333
4731,2872,188
3814,2254,733
3034,2968,407
4777,3808,827
4807,4852,377
2311,538,951
3409,4453,999
1125,867,388
3758,4717,420
4239,1782,449
4822,1322,895
2660,2726,119
3326,2589,823
4772,486,493
1110,1167,139
4766,236,308
1628,2132,738
1092,1569,676
2281,1054,115
2989,4051,499
2541,2250,118
2638,2050,271
1118,1248,583
2935,3771,929
4720,3739,597
486,4549,527
1617,2072,661
2587,4413,149
2892,194,752
116,3275,805
4484,1671,110
1729,4748,352
588,4369,659
2493,380,646
4335,4204,470
3761,4176,398
4759,3365,663
3524,3006,985
1310,176,504
3897,2862,331
1084,1338,353
2965,1581,824
2164,989,287
1698,1715,740
785,1538,822
2902,3526,780
3997,2209,548
397,1831,466
4592,1101,450
315,4195,762
4342,4671,186
881,1591,365
1931,4536,983
1414,2896,230
1087,4198,209
407,105,223
456,502,639
3288,3124,1000
3527,4292,241
2376,2675,800
815,218,428
501,4370,209
3042,1487,205
2676,4511,355
3813,370,244
1461,2158,855
2764,501,988
3527,1782,226
814,461,360
4548,1267,803
1433,4884,893
2715,3844,619
4142,4877,914
2808,3149,431
3058,3119,433
2758,4892,662
476,3052,459
1519,4224,134
152,3225,654
4307,2253,851
567,2201,163
60,510,126
4082,2175,358
4876,3999,448
599,4283,166
4248,4881,371
2379,3569,116
4156,4700,739
925,1505,998
494,4994,839
3242,1056,659
3649,3283,856
1672,4598,629
361,2117,672
4919,1829,434
3187,3040,400
3602,2643,442
3301,1678,366
816,1391,860
1933,1547,277
3632,2397,422
811,2429,918
3888,1294,247
3628,4534,226
3463,4193,772
2196,4731,495
1518,1270,726
299,4968,985
3675,1615,743
3016,3890,342
2625,4161,704
2213,4687,920
3247,4251,495
1569,2510,310
2113,3398,552
2612,3020,432
1686,4299,274
1736,1961,317
4607,4020,966
2502,1030,126
3798,4373,425
4583,4036,569
1157,1447,214
3238,48,582
2592,2073,220
1980,2994,532
3931,4059,871
360,3288,744
3187,3746,473
4404,4876,868
597,1804,326
2266,2877,457
78,3330,142
1430,4994,205
4898,4240,531
3966,1625,569
1129,1547,141
2731,3461,302
4634,1257,576
4792,2863,166
4261,4553,441
3617,3057,429
517,2576,668
2435,1087,358
2650,3641,956
306,4162,173
4678,2053,843
2640,4346,897
906,2471,594
2353,193,858
67,360,514
3683,1994,253
4368,1459,551
2778,1605,356
3943,87,415
631,482,252
1739,1687,855
1664,2604,670
2176,4619,759
2107,798,260
547,4567,760
3438,4563,483
4138,2056,452
3239,2645,711
1639,2719,705
3372,1616,600
2100,561,537
1378,865,406
4055,1953,811
2455,252,820
760,1310,698
4850,437,512
4310,430,206
2434,320,633
2022,1958,299
1452,2375,925
4448,4325,679
909,3062,753
688,4965,774
2325,2380,851
954,1570,911
623,4801,322
2883,635,198
2169,1714,732
3353,2240,250
854,4708,832
1845,2700,310
2626,3213,440
2734,4375,618
862,2237,462
2398,4953,931
908,2522,653
4003,4638,255
3824,423,903
2745,1390,583
4862,50,192
4544,1210,336
3796,1403,567
1111,3023,487
3331,2213,600
2569,777,694
3108,1031,266
868,2542,472
2306,110,101
475,1437,607
1165,3977,315
719,4575,940
2865,3997,125
3277,4520,831
2627,2136,802
3608,329,240
1822,3001,357
1172,1598,710
584,4181,684
1621,4472,799
286,1625,102
3478,4772,988
3354,3720,801
3143,2571,250
4489,1848,214
4637,2718,703
1214,4389,896
4092,2087,507
3239,4059,514
799,2542,992
37,2685,413
1556,951,432
4263,200,881
607,4060,892
3598,3666,538
4349,2164,537
1058,4281,518
847,876,510
1927,3660,321
1143,2302,792
1642,2158,380
112,1297,912
439,3170,572
1076,4291,230
33,1113,234
2504,217,497
3280,123,418
3968,2298,911
4763,34,704
3033,4878,241
1426,2122,992
3720,4127,744
4541,2310,696
2889,1497,564
3667,2757,229
4157,1631,758
3730,863,476
3946,1023,775
2363,2069,230
3983,2292,938
34,1137,898
2707,1366,485
1439,3654,311
3215,2517,498
4157,4497,921
1102,2290,564
3705,3043,328
194,3748,630
2697,2223,751
1226,2431,514
4183,697,979
1720,2516,800
1041,3689,100
2737,1999,188
4260,4311,218
3866,2768,632
2858,2865,997
1636,1651,230
3766,3042,746
3963,2000,492
520,1493,179
599,1,878
1590,1824,577
3677,327,342
3406,2061,510
1426,2157,974
299,908,921
2717,3936,185
3440,2565,492
4704,1379,959
466,4728,489
3776,4684,996
153,3342,113
2970,124,564
2209,4056,527
4575,4848,218
1969,3872,427
2292,1937,684
4088,602,206
3707,1662,695
3691,4644,370
4992,1107,634
98,550,995
4402,375,493
3766,2374,775
4767,768,852
421,4100,335
2378,4208,601
4971,2757,675
2907,3915,698
1208,1913,439
4403,3569,278
4485,1191,216
4726,803,695
363,2465,504
334,4915,894
2035,4104,375
2403,4421,240
3807,3856,144
3576,3462,359
3135,798,788
4314,916,641
2196,3510,758
4045,1409,286
3749,1593,351
4645,892,576
2736,2666,702
1359,971,972
3055,1979,106
1418,4576,425
1645,2721,451
4768,1220,571
4617,616,277
877,681,800
268,701,240
1188,4836,843
3650,41,747
1566,2311,664
4560,2864,865
4294,524,119
4765,4699,884
4022,4247,287
3774,2452,633
1471,1191,623
2419,441,735
1164,493,260
1046,475,777
3451,320,497
1814,517,839
4035,4962,584
3760,2232,873
629,4520,523
4239,2181,401
2771,4370,965
643,871,227
2068,4355,898
3369,676,995
1601,4516,812
281,600,290
2634,4041,114
2170,881,664
324,1041,789
324,609,289
2302,3923,134
2165,491,598
1398,4896,291
2751,186,455
1520,3181,884
1579,3420,786
1676,3007,488
196,1368,221
2432,1351,838
1220,4573,658
3440,2556,440
945,4235,288
3625,4408,819
2450,210,493
427,2725,991
1420,2922,904
1066,394,154
3669,3440,557
2556,3092,976
864,3354,630
475,3602,746
3957,3452,448
3718,498,429
1777,1442,268
3980,2114,632
3177,1701,666
1923,2875,783
4421,4013,318
4770,768,725
2683,1696,542
1738,3339,848
1164,1961,147
3775,4162,417
1983,195,463
3551,3146,218
1099,2240,187
782,4362,259
3232,4916,277
1129,1878,204
3840,3140,816
1355,2410,174
1290,2929,257
831,435,434
2038,1768,144
3202,2301,991
4722,977,728
4789,4611,516
1488,1911,944
1015,2181,531
4232,4411,229
2334,1353,376
2719,2851,648
4705,3107,811
840,1871,667
4390,3798,130
3888,1806,880
4495,4480,921
3653,4625,406
3548,4229,143
4391,1441,641
2269,4174,616
4941,2499,212
3367,678,257
431,1957,606
4781,4056,404
2670,770,272
941,1589,681
4907,3215,678
183,1833,126
483,461,804
1133,2736,560
476,2636,492
2257,680,986
3377,4765,283
1253,1057,392
3223,140,540
19,2219,646
3938,3486,721
4658,2863,738
3913,1845,848
2746,4268,493
618,1723,856
4006,4695,426
193,2362,758
3451,1149,739
733,280,741
3031,835,319
9,1807,872
4811,2877,520
4588,1761,275
4384,3317,302
597,3848,295
3241,1557,381
1534,1366,375
4178,2149,599
2550,485,827
2429,4147,836
1396,2039,534
976,476,237
339,1656,260
1500,4948,662
2983,810,863
1646,2703,950
4037,2179,156
3195,1845,365
1294,1129,572
2739,4279,830
3082,333,195
4158,3972,921
2551,3279,304
4453,1709,526
4865,3565,487
714,3028,105
4878,1984,833
2769,2140,127
3582,1909,269
4620,2124,780
4423,3188,949
962,1968,625
3705,3180,671
1034,4625,464
449,3628,792
655,4877,276
4821,3310,103
823,4452,750
148,1242,622
1114,998,352
2409,3880,521
1838,1796,382
2831,1907,180
2800,1263,892
101,1147,521
376,4054,736
1891,1268,124
2674,1435,144
2278,3459,189
34,4200,410
2312,3088,421
3144,1222,299
2414,2527,266
1470,2028,124
4587,2295,815
1757,2133,161
3601,1455,100
3557,3408,585
51,3322,521
2734,4092,662
4141,1041,781
2539,1060,823
2234,3826,326
827,1574,504
4143,1057,683
2630,4093,634
4272,600,689
3479,3083,210
1643,4536,185
2271,1278,210
3437,1608,130
2413,4999,293
2668,1211,137
2818,2254,204
4939,4111,702
3872,1076,172
4751,861,994
3613,2509,832
2099,2276,649
2370,3623,995
4000,3105,417
1637,346,776
2559,4124,214
3123,2202,954
516,3210,656
2761,2,539
2727,878,914
1782,2823,231
2194,4992,285
3954,3424,303
3326,2623,378
1392,2659,650
3289,3798,766
53,1417,857
2167,1845,657
1675,2334,331
333,1893,473
1767,4546,253
1737,560,808
2724,4789,911
1497,2228,234
4029,1772,580
846,2224,263
465,3427,204
2796,4815,437
3851,1099,563
3556,2085,936
386,4991,803
4141,4024,663
4370,2743,184
2748,2308,361
160,718,486
1573,4029,622
508,4031,773
3421,3231,627
2509,3314,233
4490,105,841
127,1907,903
464,4785,658
2412,3066,177
1204,4286,941
4767,3088,814
3953,1445,347
3082,4078,250
1430,312,369
1348,4834,360
3897,4970,520
1424,3428,194
2023,544,958
2641,1938,429
2713,280,691
4006,2342,581
1041,2970,377
1565,4224,341
2443,545,886
1171,1152,669
4541,1138,206
1458,2101,730
4996,4913,980
2990,1274,161
625,3393,683
1557,4641,976
2205,4013,744
938,281,953
4515,1119,812
2503,4541,800
4128,1451,209
3310,1777,455
809,3047,528
3387,4728,813
4675,3727,386
655,1517,578
4337,725,150
3106,1374,113
1497,3087,719
3919,418,610
2736,1548,618
1981,2783,848
1889,2677,289
3456,2735,676
2033,3084,175
1637,4148,917
541,2472,528
3264,2969,357
1671,3650,423
976,3806,881
4165,2444,884
530,4102,782
1087,1175,586
4365,2628,809
3090,1605,574
4898,1379,376
969,1251,525
2136,2282,881
308,4507,779
445,2613,923
4794,2459,508
1026,4917,308
1443,4422,967
1929,1106,280
2699,2475,243
4879,3003,871
1302,627,120
3656,1073,193
4544,1020,504
4259,71,691
582,1561,748
3241,1378,605
531,3985,423
3968,4268,773
2654,3703,181
3319,1924,806
4220,1779,605
4804,488,739
2242,1186,447
4679,1215,833
4927,2965,915
1821,3512,979
1081,1738,549
1587,1075,423
2115,1511,620
2296,4210,754
1784,1502,542
2341,3430,507
419,4858,214
2513,3835,618
3438,1143,561
20,866,491
1773,3158,931
2375,2286,788
329,1501,835
57,1071,264
3824,1880,828
2645,645,620
3877,3864,951
1049,3396,177
489,4,491
2868,4029,122
4713,2941,699
3520,4239,179
392,2619,905
2206,3609,189
422,2401,710
3302,3924,716
3664,406,562
271,2818,203
4165,4429,161
3408,4471,281
2181,2798,894
495,4186,371
3350,2855,393
2631,883,507
232,3987,406
857,625,837
990,4322,977
2927,1424,667
4119,1942,929
2592,4061,970
1917,2490,927
4946,2257,134
4808,629,379
3694,2008,476
542,822,797
799,1465,889
980,2355,855
4216,3902,838
314,3975,586
2522,4240,656
3611,4310,701
1037,3223,537
3506,1823,397
2356,2793,622
2806,443,273
743,2142,518
3198,3391,454
3870,2375,696
4558,1996,854
2831,3091,261
4110,2650,957
2116,3023,759
1951,1931,292
2101,3459,862
455,1866,637
3465,643,836
2130,4706,616
992,2342,928
3220,1730,198
357,2353,422
4846,2333,789
2059,3963,874
1294,2222,171
1519,558,843
1662,4380,104
151,1873,299
1428,427,776
1748,3629,891
3512,4678,478
825,3982,723
540,695,178
4483,1690,897
4380,2882,961
2277,220,587
2340,1734,741
4145,1146,976
2128,1535,548
1737,584,689
1430,2339,258
2612,3534,320
3763,1892,784
4527,641,518
4979,3707,787
2219,4382,500
3826,2153,548
1347,3506,430
3178,3724,214
496,3626,146
268,1110,449
2782,1721,421
3139,1114,254
3559,1535,487
2139,1300,220
1178,566,260
2351,916,268
4417,3169,448
4918,2464,800
966,3884,591
2288,4342,832
966,1657,798
3379,1718,563
4979,806,401
230,2133,900
1336,1523,307
1694,3773,704
1638,4389,983
730,463,789
921,1669,251
2872,1614,949
1429,4221,953
3915,2962,399
3340,1920,370
745,4418,840
4787,2451,718
1591,384,219
2881,24,961
3626,325,396
496,681,366
2437,3549,619
1666,229,976
2637,2379,560
2048,3295,387
2887,3442,723
1305,4398,326
1586,3698,435
1961,996,791
2296,3583,229
4197,1679,162
4079,2094,560
2474,3100,537
1568,3650,966
658,1888,546
2919,3680,324
4496,265,134
390,3053,362
3998,3544,921
4381,143,468
4226,3214,738
1286,2684,103
901,5000,587
3599,3574,196
1977,261,112
2055,2516,439
521,1403,394
4992,2145,450
4498,4983,630
4028,142,335
4141,2635,568
1559,3730,829
875,1997,819
3526,3127,185
3471,4241,391
2945,256,288
1193,2910,427
1851,1160,543
499,3424,665
4489,2397,675
2808,1672,549
1648,4387,623
3115,4281,669
4311,1677,994
3995,3352,151
4739,3997,357
1887,2615,788
3334,486,219
2288,436,571
1873,3163,998
4310,955,742
3606,3856,247
4980,1289,335
3176,2090,835
896,3214,662
2897,4219,173
1760,1153,412
932,4305,714
2071,2354,613
2605,99,564
569,20,270
1273,777,900
1968,1056,674
2213,3508,553
3000,1534,736
2333,3840,760
1022,4196,794
3003,2524,238
4184,4683,140
4884,2416,934
1585,3593,107
646,4307,479
3368,2079,116
2094,2902,559
2918,562,296
2798,2007,825
19,3135,823
1275,3993,619
4861,2219,840
3185,2758,394
4685,1289,389
1763,4323,655
2956,1370,948
4874,2869,922
3356,4302,203
391,4993,465
2215,3801,423
3927,3838,365
965,3766,785
4696,1172,888
1787,1504,274
2870,4495,973
2217,1082,828
4468,1133,326
565,978,275
4813,4012,883
33,4286,369
2650,2328,420
219,811,532
3528,1803,130
1496,3096,659
2661,2618,727
2350,2082,675
1295,1325,136
4626,1773,494
1495,641,511
2050,360,981
1571,613,222
969,1506,394
560,772,970
1589,3267,316
1009,1597,429
3015,4797,723
1180,3920,812
1339,1496,501
3165,3029,152
2754,442,803
1673,2972,504
410,3551,180
21,1354,172
3021,145,596
1732,4432,643
184,4278,280
589,685,960
4039,4935,899
3389,163,896
3701,4956,919
4555,3953,154
2978,1068,413
2038,4453,721
47,3400,148
3840,1811,693
1707,1706,448
2330,3341,986
1238,743,309
4631,2414,835
994,3341,338
1675,4197,146
562,1257,605
550,4218,362
1919,755,224
1895,1968,102
4453,3198,974
2494,2211,880
2838,142,411
3762,525,421
1043,100,134
4319,1129,346
3537,4123,254
1323,4062,552
3222,2566,434
3720,1390,766
1924,4394,349
4485,3989,635
1926,417,136
4982,270,864
4039,4289,391
2388,1833,953
4267,4654,801
2469,3689,193
3909,4031,957
512,2309,599
2117,586,744
771,1865,621
1138,1236,602
4453,1848,900
2934,365,142
4808,4840,105
4366,421,475
2825,4252,717
3814,2892,535
1706,1833,649
186,499,230
1184,166,390
2252,3119,613
97,848,101
4523,2878,494
1095,1708,654
1176,2378,952
4838,549,421
3796,277,138
1564,685,470
3230,1709,381
4604,713,355
3770,1536,484
3422,3019,883
2275,70,948
534,3229,228
2882,805,729
3932,4313,425
3618,3541,691
3598,1940,948
3036,3541,921
1271,3408,635
1744,2084,339
4215,3473,850
3193,2958,980
4680,2926,899
2962,3377,397
1144,961,277
228,1159,802
4139,915,374
3239,4106,910
4255,320,492
843,1386,293
3564,4299,299
760,2500,693
4580,1157,111
2269,1193,223
4696,3168,754
521,154,822
263,3259,952
459,4713,656
4071,4248,130
3257,1708,422
4520,4758,466
4869,4860,918
673,304,394
414,1954,695
2788,2735,369
2958,3576,575
4054,1368,147
3582,1976,902
1651,2396,147
1472,3721,287
4855,190,748
3789,1256,562
3274,2988,551
4166,3249,429
4300,3957,381
3273,2109,116
283,408,548
2743,3420,349
119,695,510
344,2287,685
4432,3963,997
4581,3561,990
3336,781,861
2734,1970,154
2803,4626,241
2867,2764,225
4082,1973,720
3768,3490,122
4953,4220,940
952,59,190
4501,1331,494
1148,2304,303
3787,4661,475
1188,3199,406
4533,1795,179
4665,3583,977
572,3473,424
4319,4445,675
522,1220,346
4490,4198,368
2449,4844,766
170,916,348
2056,148,170
4108,2068,524
2915,2297,914
3142,690,605
24,1941,469
2797,3298,706
1375,4072,962
3056,4655,661
4276,4070,941
1119,3566,591
2218,1470,133
305,2739,271
796,746,748
946,778,738
818,4384,298
3777,818,745
2548,4322,227
385,2826,596
4489,3425,231
4208,1340,184
1918,1280,596
1931,3437,760
527,547,619
2410,1934,368
2838,2206,505
4387,1030,630
4586,3631,569
1618,1358,754
2243,1728,140
945,3963,348
3884,4411,617
1467,4779,721
1459,2145,976
2007,2957,928
2584,1307,468
466,3146,365
4615,1458,658
3432,2714,183
1849,4101,625
4998,1763,952
1919,1833,445
918,959,621
1900,617,245
4078,2058,676
3782,2582,222
4277,416,746
3366,3928,264
2535,994,941
2812,1790,351
3147,1637,365
4541,2881,972
347,1215,918
468,517,386
2357,4140,310
3016,2052,923
1215,3621,847
2203,2551,867
4478,4923,438
1493,509,218
1899,500,419
2637,4645,239
4871,3335,931
4649,881,860
3715,210,936
2985,4193,284
3942,2880,974
4403,1503,717
2048,4501,642
861,1833,309
1284,1604,189
2011,996,242
2129,1288,499
3996,2805,239
4805,3969,994
4639,4950,762
520,512,290
1677,3714,723
714,2891,300
3769,3495,783
2060,4525,311
3781,4359,791
3907,2700,122
2022,2932,912
975,265,538
949,3117,219
2701,3960,413
1505,3893,981
4803,4764,275
417,1569,732
3429,46,996
1835,2551,570
2190,3386,913
4064,2571,461
3729,1847,968
374,2044,842
4458,302,553
3579,1022,627
464,3208,233
3155,3304,460
3839,3402,109
2255,1549,201
546,2486,401
4744,485,489
3426,2926,863
1146,11,573
2501,2171,708
424,546,831
3111,4586,443
1265,937,101
2879,2433,155
3620,4021,546
3169,1008,923
4919,2026,570
3970,1549,169
1737,4801,575
3109,158,833
4635,1130,208
234,1503,574
2832,2200,996
4043,4884,937
431,2545,132
1521,2346,424
131,3834,295
3008,1877,651
4706,814,154
769,4355,139
4545,1720,236
2042,478,950
472,397,584
3248,1188,601
920,1394,543
1518,2917,695
3214,2580,828
731,3568,721
497,4905,364
4705,1048,679
4292,2299,789
22,362,566
2727,3051,201
2784,1544,143
2728,2049,984
1940,3177,971
4897,1134,599
4826,2467,916
1242,4669,414
3101,4395,483
1601,1608,670
1654,2426,601
4578,937,417
4962,574,938
3750,2222,465
3998,2176,312
2890,1440,408
4961,3901,401
2451,2337,467
4035,37,359
4771,1983,370
4025,1876,884
3225,4002,960
612,1123,223
3213,3306,777
1336,1001,709
3683,605,983
4671,2617,220
4505,3620,795
294,4446,444
4320,1350,660
1130,2829,677
106,2456,278
4402,1163,670
4190,4266,467
4400,854,962
2926,3816,739
3783,3295,221
3369,1422,575
3215,2953,150
502,2829,465
1290,1656,494
2402,4874,610
2694,2965,918
4366,2547,412
2400,4227,300
4925,1467,585
2057,993,238
556,796,482
574,340,662
4666,2115,633
2994,1517,706
4208,3537,973
1463,868,225
492,4166,453
3941,1050,164
798,4763,379
4878,3565,426
1170,1402,500
4364,1709,522
3340,4417,736
1853,678,819
780,2630,795
3959,1263,201
1059,3714,993
12,2863,866
2648,1734,770
3721,1341,715
3680,1495,158
136,992,152
4938,2452,802
710,4560,762
1765,2871,792
4787,2403,729
961,1449,505
1764,1052,589
3111,2714,927
512,1412,355
2942,3894,713
3240,4362,309
1435,2401,872
4812,4108,376
745,523,969
994,3592,297
133,1658,410
1881,2417,420
4784,780,178
4850,4943,105
4826,3394,437
895,3933,192
152,1670,334
437,1304,582
3268,4811,801
867,3524,119
4981,4625,712
2346,4667,137
4392,2627,483
4934,1594,730
394,3632,805
4354,4980,173
1347,2905,465
2709,4304,774
1851,4028,443
3878,634,881
56,1103,657
3545,1435,720
4640,1985,559
2629,861,818
3044,4019,470
1124,4550,167
3175,3049,381
459,4490,215
3621,3391,885
948,566,349
3345,270,477
1522,2900,663
4806,2687,504
4538,4860,156
3012,1886,321
4301,1415,306
2048,3940,756
1754,1283,664
4940,4085,980
3452,2028,904
857,4417,966
1868,1225,951
1147,487,918
2660,3686,922
3498,3558,889
468,603,625
3237,4187,957
3530,3150,484
3333,207,951
3538,2886,381
3932,1484,742
3959,2016,391
1221,1059,182
1689,4115,537
2310,695,785
680,3953,509
314,4652,916
4387,3304,742
2696,3362,522
1068,1463,237
3104,3144,635
2989,189,501
3430,4140,288
4185,3502,570
4064,3118,478
3058,4448,621
529,2502,732
4782,1033,984
1050,3662,474
947,4768,610
974,3635,828
4419,3495,968
3984,2978,677
460,4015,522
1406,1343,194
3860,4872,598
3435,3810,513
2814,4133,296
4531,3871,443
1001,749,450
1934,3547,1000
504,1910,481
2892,569,570
3737,4935,467
2257,1526,551
2172,1867,325
4043,3331,183
1390,1381,605
951,2459,570
3340,563,112
12,3165,582
907,2799,230
4266,605,623
165,2517,774
4120,661,635
3006,4589,677
3403,3974,785
3054,431,927
4918,484,267
3649,3611,672
3426,944,768
1332,1803,921
2207,2510,199
3555,3355,878
1399,813,324
1643,4048,330
3566,3187,175
4350,3542,211
1634,3761,906
714,4656,469
4645,3526,774
590,1256,247
1806,492,837
333,1874,371
1009,2496,117
1271,2386,113
3832,1924,392
2273,1802,724
4501,3551,340
937,125,202
2422,3761,993
3052,3970,509
1725,4486,867
2930,273,857
1796,3601,728
3572,4959,625
2654,4181,386
3970,4526,859
3847,2002,222
4509,3940,933
2339,718,429
3544,321,512
636,1211,101
2709,4224,290
1457,4871,815
2434,4278,228
86,3396,434
3522,2746,847
3706,1979,339
2675,1384,592
4162,4127,874
437,826,757
796,4816,675
1697,2108,480
3350,1402,397
1839,4939,696
2176,278,895
448,3909,964
78,2277,675
226,1487,918
3721,4696,748
299,1549,994
2828,2938,866
2297,4124,641
3096,4596,377
2043,2225,380
4533,45,554
1220,4714,911
3022,2549,676
4061,4473,677
1623,2387,557
3682,690,236
4316,1851,611
1245,2727,434
2104,1047,605
102,4285,100
398,1688,966
850,3902,820
679,132,775
2423,2933,209
4160,1900,401
4905,3270,822
1856,3613,141
3772,4036,929
2495,538,567
1737,934,846
2128,3806,853
2777,2845,651
2038,2597,859
1102,4842,995
1216,3467,660
2226,362,138
3975,4824,381
4455,1744,264
4675,3125,407
2543,908,344
2625,4809,374
2162,4841,490
3281,3193,650
2095,2298,137
1910,3478,339
1622,3904,347
2096,3025,660
483,3867,753
395,1515,798
4200,3472,424
4764,4839,687
1636,1885,111
2722,4998,201
2220,2401,559
2327,322,134
4755,429,872
4630,1433,681
4160,2277,663
1060,835,136
1709,2800,586
830,596,381
4689,2172,386
4783,992,690
2832,783,195
3565,1426,535
585,2028,464
1924,1649,235
817,52,367
2902,1404,868
1064,212,230
2258,4688,871
3923,652,231
2971,3974,229
3856,1658,868
3707,1921,353
463,1904,384
2137,925,626
2465,604,978
2846,541,140
1103,3291,743
3772,2308,819
2532,3097,823
1885,1675,495
1989,3449,528
2336,646,606
3442,4522,525
2129,394,661
1287,834,992
63,692,441
2921,1469,151
4148,4400,164
3534,4667,915
2508,3810,794
3292,2531,923
4581,3158,864
86,4874,961
1329,3603,602
284,2669,297
2787,4734,220
3562,3120,314
4691,1820,420
1139,2399,147
2387,3466,359
2786,2909,410
1270,2694,778
2619,4365,218
985,2908,163
2017,4329,715
579,2249,428
2846,2997,336
2618,4336,646
568,548,134
3648,4857,625
3066,4052,767
2188,1202,394
1147,4791,360
1735,4671,204
754,3021,242
1686,2308,308
2991,3566,103
4182,694,490
1247,1014,367
4541,4410,390
1557,4136,907
2988,10,820
204,2141,959
3410,1899,377
2616,4583,762
973,804,618
1468,2394,166
4352,1169,972
1561,3081,473
3291,3146,631
2038,489,373
336,4175,956
614,3302,785
2476,4234,499
2425,3997,433
171,2174,910
1763,4743,156
2451,1248,550
818,2202,649
4607,4071,771
2034,2957,389
3637,2222,257
194,2055,231
493,3985,350
1262,349,996
1471,1966,180
4287,3320,867
3144,4983,782
4980,4601,787
3953,3563,158
3019,4272,896
86,2778,359
2441,4782,677
782,4614,176
2404,2397,661
2982,1534,927
2972,1945,478
4615,246,375
3003,4012,204
856,610,670
2839,1012,669
492,2086,886
1365,891,741
551,2408,588
438,2419,935
4301,1448,344
816,458,393
3603,2320,110
427,1280,554
3166,4357,578
2840,3852,983
1333,452,416
616,1920,841
152,4007,183
4693,4912,244
3874,4672,613
1461,1618,897
1052,1629,677
2443,4651,433
2417,1927,812
4738,2775,892
1981,1653,112
1052,3626,266
2809,4728,531
1756,1971,686
2968,558,243
3742,1992,392
1900,263,538
1872,2318,702
2453,1339,742
2050,2350,942
2357,2394,252
3855,386,608
1704,3392,491
1626,1169,818
2279,4717,276
189,1093,510
1443,1476,102
4606,4640,762
4202,1031,230
2503,1218,263
3292,3814,189
1839,4651,431
3963,985,537
894,1909,298
2867,4596,348
1814,4372,924
2676,1196,509
2741,4303,909
4596,3072,430
1550,1781,826
4559,2462,492
1763,1224,913
4602,365,510
3664,1679,920
1212,1218,875
3841,3195,731
2797,1000,615
3247,2635,186
4279,4256,514
3722,2116,599
2879,2364,834
170,3984,140
1309,57,784
506,4868,340
605,1811,203
3688,4102,745
2199,1373,413
2793,61,812
3841,3497,883
1492,2871,669
2092,2035,455
595,441,870
715,2572,583
2559,2757,905
4710,22,445
1888,3341,960
1877,2015,543
3907,4353,369
1366,4793,694
694,4349,236
4335,2120,436
4890,4655,225
3158,3913,670
1544,1389,370
3077,81,822
1206,1501,836
447,1581,178
282,663,339
2011,3541,933
1351,3879,224
3320,540,749
1807,3666,302
4577,1602,453
4279,803,530
389,4326,645
2612,3628,168
764,1323,821
668,3325,791
649,3145,871
3121,816,323
3272,695,574
937,273,786
4269,4692,356
4667,2466,259
1693,937,302
1438,3779,510
3514,4723,161
3190,2420,644
2091,4058,472
3552,2604,896
3032,792,377
3678,817,759
1250,4173,876
4118,2213,391
1143,2901,940
197,4516,385
1552,1991,225
4171,4241,799
8,4651,652
874,2610,587
1890,3231,269
319,4059,455
4227,1339,557
2538,2027,236
367,217,530
1669,98,782
4571,2347,615
1988,3030,395
2192,2790,477
3821,1479,396
3901,163,694
3274,1670,433
145,2724,511
1005,1414,432
2057,3255,661
2103,4865,739
4551,33,415
3472,4610,276
999,1296,720
4295,1080,431
575,2202,247
4100,4419,829
2183,1742,387
4224,4172,379
4405,3399,105
662,4060,935
3327,2633,994
713,2617,571
209,2973,848
2165,1934,196
3055,2574,442
1641,3942,337
3302,2632,645
2362,3512,437
3517,1715,112
2046,4920,430
861,3223,429
4974,3714,207
3667,2219,430
4678,3737,241
3115,1240,546
4610,2939,350
2313,1213,947
303,4499,637
2850,3538,592
4645,655,654
2961,4703,601
81,3983,742
1353,3105,886
364,4634,320
1316,3997,187
4006,1034,406
2352,4133,126
1818,610,361
3941,4538,921
1354,3835,812
4747,18,520
1479,2442,714
2926,414,464
4909,1663,702
2134,625,218
4506,4999,495
3762,2329,839
2368,3255,437
357,1082,552
1224,2896,541
4629,2471,287
3334,569,242
1701,2361,277
2820,3837,594
917,1724,293
3169,2790,156
4475,1104,679
3613,1955,949
2462,534,326
2254,1070,190
3251,4902,516
3613,2089,507
926,1656,703
1775,2473,283
3467,410,956
462,277,676
689,932,126
4769,1331,808
2979,3339,635
2286,2873,258
2407,175,595
1926,134,984
2308,4054,531
2307,3987,203
1614,2570,590
201,4430,581
3201,233,741
4156,2242,593
257,4843,160
1547,3746,789
3536,4455,194
1769,3993,286
1488,1811,895
2110,4192,157
1392,1421,361
4215,540,773
927,1411,895
2072,2944,994
1468,4834,859
1770,3812,718
1338,4838,319
248,3560,331
4225,2363,425
948,4240,359
4155,4064,760
4264,992,557
553,467,530
4547,2649,896
2606,2568,166
1497,1215,757
3591,949,346
1785,4103,734
1765,4172,188
2482,271,428
847,2464,645
3777,2571,719
868,4188,139
4230,4441,636
2292,68,470
3075,592,199
3236,4187,536
3886,4778,622
3341,266,247
727,738,111
4951,4434,936
2193,3062,332
3553,2233,974
2230,3333,311
4637,4751,737
4081,2443,132
4506,1108,968
936,300,655
4785,1002,703
634,4186,712
4100,2695,748
2754,2374,731
4199,4416,470
4752,1003,434
3224,273,186
1932,1235,478
362,3567,793
4222,4039,745
1542,3655,880
2534,3154,244
2489,135,275
2209,4808,334
1228,4974,438
2119,945,264
4693,2333,752
1584,4296,577
1382,534,349
4941,1093,892
1627,1893,542
2252,1067,754
4564,1610,271
233,4734,201
2495,819,201
4279,3435,646
2323,867,398
4841,794,334
1258,1390,487
1024,4712,866
2812,1359,292
1765,57,967
3989,4292,269
3677,4584,147
1245,1119,280
1424,3050,659
2600,3322,141
4600,318,408
1889,2365,443
4649,4791,462
3992,1775,683
1419,920,413
2911,2139,987
3254,3197,668
1999,4577,420
3289,338,844
265,3674,952
632,3592,214
3902,4507,494
497,3049,860
3317,2852,394
401,4075,531
3064,3677,910
1624,3010,666
4476,1493,520
2059,317,457
4564,423,955
3735,3339,478
4302,1226,202
3038,374,923
3697,4332,135
599,4111,839
4431,3106,359
2235,3815,999
4849,2518,569
2051,2990,687
1494,6,531
2664,1386,533
2184,4055,270
1433,2182,518
935,3762,686
2722,2932,754
4367,2087,402
2986,3430,690
933,4162,944
1672,2970,684
4879,3920,565
3628,3100,850
905,2238,727
4252,490,194
2055,2304,838
2800,2689,505
2655,1860,963
2020,3744,423
693,1640,690
1284,4213,448
3776,3845,782
4855,2882,387
3275,67,532
2229,2826,887
3617,3578,586
1128,4606,495
3816,3589,999
1874,2367,280
2703,135,870
2594,3125,660
2966,1962,733
2275,3416,257
2467,3851,462
4343,4111,131
35,940,772
4922,2837,802
3881,3141,614
1816,1596,830
4084,794,692
2071,413,331
1168,4676,497
3645,1028,520
292,2832,533
1569,3098,631
3492,240,945
3044,4999,860
194,983,562
2726,656,919
826,1589,518
644,257,621
2141,74,261
3922,2450,774
41,341,515
3919,4686,240
2601,414,235
774,3140,922
1373,789,935
3707,2653,558
607,3434,946
2728,4810,769
1316,3707,224
1889,3952,249
2943,2887,892
1378,2091,183
2627,1768,837
3229,3059,760
1587,1082,786
1520,2767,235
2361,2498,169
2972,2271,535
3712,3915,339
687,4222,901
4114,1969,663
1389,789,553
3816,2827,572
819,1602,348
2138,2002,654
4380,1326,839
1515,4153,778
4751,1639,301
2958,450,309
4277,935,209
3924,3682,694
2046,2125,567
4059,913,441
4535,298,788
1773,1440,662
499,4518,566
3334,1819,707
4829,3971,124
1787,1079,604
1080,4228,736
2870,1870,176
3667,2490,433
3798,836,689
1063,4851,754
4883,824,654
2495,4567,232
2604,3926,209
4129,402,768
631,4862,507
749,1719,217
4738,237,307
2381,895,605
4076,4050,341
1428,2895,711
4110,4257,113
211,2783,683
163,1428,938
814,1512,964
1096,3054,419
4903,1121,563
2260,2440,350
574,3950,577
1958,4651,835
3880,1503,316
4197,1417,135
1589,1391,205
2885,368,394
42,4066,663
806,1550,947
79,4994,387
2258,1097,222
2974,2322,502
3218,447,687
3021,3867,141
802,4749,197
1864,3267,447
442,4042,122
1335,3747,532
1879,1671,439
1008,4998,817
4559,4913,146
3437,4336,552
3514,4392,368
3768,4938,420
2642,3929,977
2499,2616,666
3925,951,100
2745,3956,658
384,571,244
2514,2930,344
4420,2954,425
1276,4632,361
1340,310,732
3100,1521,427
968,2074,482
3670,1790,999
1566,2717,537
2262,3088,123
1999,2017,445
3073,4869,838
3261,2013,723
3177,1904,615
1629,4791,571
1887,4822,858
4341,3120,680
957,968,110
4470,1349,895
3780,4591,234
1135,129,943
2855,4748,392
3683,2503,203
3147,1099,920
529,2066,804
826,2020,646
2931,4496,961
1795,695,626
3083,4858,327
2118,846,604
25,3442,272
4006,3951,662
2798,4093,675
3351,1172,320
1704,4533,438
562,353,586
2629,4662,602
1366,3021,242
3298,2856,268
576,452,244
3562,4566,317
3773,1131,583
4451,2361,994
909,1262,947
4562,3206,425
2702,3502,401
4560,2992,806
2704,3452,1000
3313,2348,170
1591,1932,318
4563,3362,902
2475,3307,271
4249,4530,480
4719,699,587
3263,976,545
4758,2058,662
3083,4676,735
3225,2476,258
1770,4659,911
1459,3423,597
3681,2715,925
3952,3811,217
4564,778,252
3050,1715,911
2654,1231,646
4520,4386,326
2443,1112,551
1178,4992,184
3355,2948,485
1771,2374,441
2525,2208,194
3004,1533,928
363,1123,388
2586,3368,220
3764,150,182
2550,2621,435
4839,43,893
4749,1511,827
2502,4253,281
342,3041,951
3122,1506,217
987,1185,259
204,3656,845
4712,960,239
4107,3818,963
3774,1722,383
3845,4527,165
1779,2192,765
2671,3661,216
703,4442,617
3607,3091,276
756,1705,242
871,3718,310
2314,4294,842
2295,2707,541
815,4309,157
463,3462,942
1143,4263,659
4214,3699,230
4500,2778,782
426,1450,110
734,282,253
518,603,973
2228,3239,947
1734,2523,100
1018,383,763
2097,3816,201
1757,1619,434
3457,1854,704
6,4226,602
4201,4508,966
4491,1027,561
2264,1252,863
1655,741,451
471,2327,691
60,3148,668
963,4871,202
1901,3182,663
2391,2822,187
2720,3972,952
822,3342,822
2232,4845,247
2390,2405,750
3024,17,329
4280,2759,213
4329,2284,333
486,4034,365
2394,3787,686
478,2195,131
4678,2771,121
3574,821,814
2984,3406,318
3303,4867,873
1188,1482,134
2430,1548,459
2691,4293,784
1199,2306,194
1977,1766,202
1268,4338,674
1545,2960,370
4934,2831,701
2930,4045,476
3199,2265,164
4308,3627,332
243,1041,106
2168,507,225
1625,4933,145
995,2115,273
3655,1189,967
4479,490,183
94,126,185
4316,2026,503
1695,4854,600
4923,1990,937
4011,2429,323
1866,2940,603
3746,3711,315
4877,2519,277
1748,2756,907
2784,3085,886
3426,3539,386
1998,3685,551
2220,919,304
2999,3400,884
3266,1249,298
4299,3882,126
4075,2925,768
138,4914,190
2593,820,666
1802,3559,249
2387,314,825
2982,2416,683
1182,2550,870
130,1945,415
4669,2354,312
3763,1950,893
3597,7,133
2897,2034,446
1387,4630,999
1220,372,105
4757,84,726
3202,3341,627
742,1073,200
3660,4096,673
3056,2011,865
2949,3695,190
194,4336,956
774,602,927
2778,2228,465
3229,651,499
1401,4041,909
2998,1827,673
906,1155,766
970,3819,387
42,39,721
3330,4148,927
2578,1953,196
4229,4907,662
1107,2409,560
779,688,773
1667,3178,934
3443,1015,697
595,3425,100
1566,162,846
681,3100,773
746,2257,297
4726,1046,983
2756,716,869
4880,1387,686
1361,1934,944
337,4979,630
3070,2062,615
4554,936,450
3466,3330,278
4570,1799,948
2253,4393,151
963,4626,816
2698,3596,130
4027,2400,338
4239,4605,141
4262,4132,886
1792,1305,120
4848,4856,338
4492,3291,121
1686,151,459
4144,597,892
1559,437,757
1856,4782,410
1173,3213,434
4910,4818,143
2902,2397,819
2968,3268,894
4892,2450,210
4182,2242,369
1441,1800,915
530,2766,325
3162,3428,294
4266,4821,197
3585,3582,367
1760,2254,524
571,4659,999
2343,2391,148
3059,1359,792
2650,1414,271
2581,3139,237
2853,2330,521
3819,2771,766
2482,2092,831
4494,2738,557
4410,4377,944
70,1877,498
249,2558,170
344,1575,833
4060,541,283
4027,4195,756
3465,1991,109
4118,2431,249
2437,3800,271
1229,4579,989
2709,3024,700
418,652,478
4355,3288,851
1549,1840,716
4660,2405,818
2126,4528,513
1873,641,984
1481,4523,252
3914,1291,454
1320,3209,706
2212,2393,742
4541,4504,182
1001,2429,407
422,4330,264
4927,4645,597
4080,1928,605
1710,3067,284
2312,1034,906
4386,3008,125
4234,2256,965
2070,2653,228
357,3424,752
404,3034,386
4615,148,922
1632,2999,664
1766,1346,102
165,3927,451
1424,4608,499
2988,4357,703
1948,409,782
3946,4557,168
847,4159,885
3220,3643,933
154,2168,860
3209,2078,432
2646,1367,187
2599,754,209
2220,2895,965
3325,1244,913
4728,400,164
3883,1607,941
3245,385,106
3741,4097,719
1090,1003,973
340,82,827
1228,4196,871
457,4263,619
4869,2918,251
3274,2185,929
3515,422,450
2,3877,689
4472,4042,262
2584,1760,745
3343,4495,825
1307,4652,595
2710,1027,774
2752,4334,218
3403,1874,866
3744,448,443
936,4330,567
3621,2201,184
3617,4488,639
2000,4592,789
245,1179,596
2186,4011,580
4355,568,595
3725,2941,390
4990,2004,220
4893,3308,770
1546,1831,259
1483,3310,352
766,2470,257
130,795,738
2435,3653,599
99,2931,150
1560,3264,763
1338,1336,680
1442,3498,857
1471,1132,886
3376,168,675
1229,1332,687
3080,1343,631
1432,3760,533
3468,3505,912
1209,1492,139
4452,2013,900
1179,395,414
3574,1437,200
132,2643,851
152,718,112
4425,1205,594
3220,84,386
848,1751,264
3553,619,595
3585,196,255
3728,2098,206
443,2805,361
3885,1184,479
3460,4085,460
4788,620,812
44,1057,395
4617,3437,376
1160,4512,705
3725,52,731
1578,1720,928
3317,1643,244
540,3913,139
2846,4945,430
657,1495,257
4077,4883,680
4794,261,645
3502,2803,102
1648,1389,222
1121,997,338
2889,306,873
4664,2521,832
232,2543,160
2592,3857,134
3702,1281,672
3626,4547,907
203,189,144
4660,2744,896
2326,2971,136
3094,1378,353
4346,2349,284
4744,3743,952
1063,3641,729
1998,1042,187
1298,2821,459
4329,97,986
3282,3149,145
3284,2839,361
3462,4506,491
1503,2363,710
2630,4800,345
452,2999,889
4500,346,564
4106,1982,712
4107,2240,704
409,2511,323
2763,471,797
3473,832,690
109,2079,518
1288,1169,767
473,2982,924
2561,4251,185
4764,2790,587
1395,2940,841
942,1138,450
3835,2658,383
3613,1656,705
1839,3867,396
1553,1324,108
2541,854,433
707,4251,360
228,2624,411
1067,4962,863
3283,118,371
4922,3816,586
536,3328,258
768,2018,621
1483,3646,231
663,2531,479
3838,4536,500
2667,3082,129
200,602,164
4658,1907,789
4041,3115,624
1120,4839,640
1363,3824,166
3406,1446,411
3681,4072,972
1959,2895,598
3951,224,852
3375,4511,926
1605,612,723
2747,2731,781
4882,3433,744
3202,321,660
2300,4614,271
4820,2724,891
516,1944,279
4986,2825,269
4797,1266,929
581,2208,874
592,3830,846
4636,3383,910
4701,4653,694
3363,2863,416
2468,4825,630
307,722,631
1963,1239,659
1437,1842,578
511,4891,520
4067,2555,777
3458,4541,479
2644,4895,390
3793,558,619
399,486,917
138,3110,812
1667,355,365
4282,1058,156
4500,355,381
4038,995,376
4231,336,765
337,2953,882
1935,4310,824
4385,4649,221
3697,1261,657
208,1030,363
1378,2753,843
4839,4079,818
4735,113,942
1088,713,474
661,752,837
2351,1960,748
3501,925,880
746,2175,174
465,1639,458
3063,2409,975
2348,2967,699
914,4811,747
1600,2563,501
1185,1529,973
3309,132,186
245,74,165
2740,4435,175
933,1867,481
1509,4168,874
4130,3200,509
1532,4191,554
3362,1112,867
1673,3200,955
2988,279,281
1620,3885,129
4376,416,749
173,2196,710
1281,2076,559
3793,312,816
4448,2406,689
3585,3286,984
3296,1760,864
1685,1112,472
3602,3619,837
310,963,133
1997,4901,879
4358,1671,406
4021,1066,740
2222,3148,228
4738,3976,750
3648,991,557
4013,2528,151
3527,1957,708
4005,4862,968
734,2480,589
2253,672,430
1265,1060,821
2559,2881,904
3738,3180,157
521,2239,722
3478,4517,395
3260,2207,242
4789,3508,963
1929,3056,554
4644,4377,724
1305,2412,195
3221,3543,736
3004,1111,172
1306,2562,256
1391,908,158
3236,1876,440
2116,1448,717
1152,1416,471
1684,2278,691
1586,3725,973
2809,4483,407
3636,603,414
3991,508,743
4563,4548,337
88,536,485
4600,1222,634
119,1242,992
235,4915,491
844,3515,125
2186,2404,144
2837,2960,890
4147,4117,849
1528,4763,268
4387,4559,889
1050,1964,596
3084,1301,309
197,1451,365
1503,688,766
4279,4721,690
3966,3742,553
2968,3271,245
2169,3817,443
2341,200,108
452,3334,999
718,537,950
1025,424,446
2570,4329,1000
4800,2252,895
2486,3213,352
4852,2391,575
3377,4519,542
987,2603,668
922,3637,939
3200,711,171
4022,1012,187
1603,2772,711
2887,2173,731
412,1331,921
3266,1575,449
2001,3665,353
107,4139,998
1230,3744,830
4760,814,579
400,1404,919
2111,1938,319
4409,3876,728
2018,2137,563
623,883,756
801,4346,638
4603,751,846
3269,2232,473
1185,1107,303
4703,1277,885
526,563,531
2244,2399,793
3443,312,354
2617,1323,154
339,3258,162
3807,3939,542
2989,4008,699
2673,184,343
89,2838,590
3202,638,404
802,2996,555
2644,1530,910
1588,97,526
1086,786,208
3571,4437,600
1864,2829,788
3106,4137,417
900,4967,609
2609,1161,458
4512,1357,284
446,3855,671
883,267,647
480,3967,892
2915,2156,206
3851,319,215
4683,2340,930
215,1315,954
2735,4834,844
4900,2564,910
1428,3871,842
3164,566,179
4984,1632,104
2664,1026,899
4891,1303,766
2798,622,365
2351,2188,115
4970,1706,685
2374,1802,102
1171,2,685
185,1417,112
608,575,165
2357,4346,515
3898,1981,289
4411,1307,117
514,2111,960
2198,5000,710
2482,260,842
4097,4862,307
20,3167,768
3650,4790,253
2719,2045,768
3362,88,680
1688,1795,213
4054,4425,169
4380,579,281
4422,830,682
924,4753,684
4226,1005,168
1546,2676,427
2026,4838,255
297,3101,853
645,4923,145
949,1971,209
3384,351,880
1331,1334,968
3924,1667,912
3340,3426,305
3644,292,796
202,3512,166
3393,1549,610
999,3565,790
1369,4097,947
2926,3644,913
1089,2325,276
995,4892,637
235,3628,461
2338,235,654
420,3721,969
2171,970,932
4683,1584,332
1695,3830,249
68,1890,198
3093,4987,454
382,2182,752
3933,411,570
4008,4264,448
510,91,652
3385,4268,769
1264,1880,323
602,4724,102
1407,4222,143
4729,2814,920
4989,1079,867
797,2991,825
270,583,699
1632,1672,651
2566,3488,381
4319,2941,120
1062,2872,675
1236,1800,932
1191,2039,133
2006,448,871
2634,22,507
884,430,751
4087,2396,987
112,4756,570
18,581,515
4815,3145,978
2974,1361,801
1028,1566,290
2500,1857,819
3796,2294,355
4073,3346,421
3122,3631,186
1099,3575,250
289,243,119
2093,3724,219
2163,2543,889
1083,540,568
4653,3473,172
4095,2439,879
2450,2914,226
1545,1348,100
3815,4183,745
1252,4048,951
1867,1634,992
2910,1231,295
1867,804,949
2405,1013,880
4745,774,236
3098,4986,501
4769,502,969
1237,2780,254
3198,3822,123
4010,3292,287
4293,4323,635
2922,2043,510
2268,3441,291
823,2261,402
1240,578,249
83,238,471
995,69,193
4097,1670,858
435,3280,681
1472,3731,993
1134,3448,982
3351,439,804
3493,257,830
4011,4463,987
1240,1111,649
1137,1156,609
348,3866,779
3400,3867,528
1511,2584,648
1069,1570,594
1039,4047,828
2263,2658,439
3760,4940,220
374,4096,114
2828,3068,326
3061,4551,303
1693,1085,788
2059,1728,876
2101,1765,978
3862,1503,554
4657,4852,204
1681,979,341
3567,333,412
1,3998,435
2608,2010,146
92,2451,646
3737,1183,216
4255,4601,349
2326,1701,131
1209,1354,651
4958,1207,336
3507,3007,957
1432,3841,901
4552,4314,286
3961,824,295
3485,202,353
668,4696,706
2393,4612,829
2546,1483,978
2555,4873,389
3463,4373,237
1391,3235,882
4194,1702,237
4065,2589,131
5,3597,600
1947,4284,827
4003,144,758
4711,4280,401
4123,1450,490
3527,1554,450
4883,3845,820
2761,4560,334
920,3270,595
1665,1530,490
3851,1298,117
1417,2495,308
4310,170,435
3641,3113,720
670,436,825
2547,2966,660
2111,515,624
4950,4162,285
520,3,113
1042,4909,106
196,2478,1000
3077,2278,344
3847,4795,725
4610,43,728
983,1485,383
3437,2500,649
4883,1457,989
742,4957,187
1005,3035,573
213,2733,305
990,4414,892
4594,1052,613
1039,776,938
2599,23,339
292,3512,623
2903,4753,206
1143,2944,450
4543,3202,136
2141,531,667
2912,953,481
740,2186,315
4443,1288,937
885,1312,686
3710,2369,671
3563,884,478
2311,2678,561
1283,4693,520
2288,3368,843
1728,3509,486
3247,1998,549
1503,2641,491
4087,1581,390
1283,389,666
1416,2442,992
4944,4312,332
1551,3545,857
1940,1382,110
3148,2322,541
249,3258,676
4971,4898,833
583,3866,174
3791,492,581
4979,19,273
3784,735,196
3101,2945,836
3655,3154,621
1046,2490,994
325,2527,665
4903,3419,607
653,3071,702
4048,2965,327
3467,2343,615
3398,2607,159
3487,3139,763
331,3890,901
862,1776,769
1479,2992,235
629,2485,450
1839,2423,607
4086,4183,360
3311,102,808
518,1027,747
277,4426,728
4707,2155,725
1208,3474,574
2335,241,652
4198,2226,926
32,4495,386
2909,2044,427
3734,4045,263
2010,3587,333
4278,562,598
2528,3466,450
4619,4038,819
4997,667,604
4626,3394,749
2399,4172,653
1514,2640,654
2039,3017,316
3098,988,799
4360,2448,626
242,3422,870
2209,3189,910
2728,2710,744
1289,2594,218
3975,4704,243
855,2801,576
1630,539,385
2004,1588,951
4793,596,935
2671,97,547
1194,3535,988
4831,200,445
1819,2169,890
4001,2753,938
3103,168,326
4295,555,987
1256,2890,105
3992,1354,422
4018,277,171
367,1290,299
1063,4858,906
3630,189,437
2492,1369,280
267,3457,523
339,1924,962
69,1129,353
228,3028,232
4971,428,549
2446,1290,979
4061,126,871
4817,4136,920
325,2624,146
3439,4059,956
4502,1831,604
1076,2689,996
4657,777,671
4131,78,734
3366,4831,801
4359,990,471
4190,1616,875
4710,1462,488
2865,4523,929
1564,1160,761
4064,747,567
4,383,240
3724,1768,760
70,325,188
455,4425,831
4959,4920,368
830,3896,445
1120,938,803
3124,399,510
2020,1321,906
4634,4859,758
1713,4408,474
2040,626,634
4067,2641,520
946,3768,932
4381,4137,470
1747,649,467
997,3173,386
1906,4321,222
4382,2118,282
945,3833,266
166,2868,209
2545,2864,190
4257,1175,919
45,2052,132
658,4399,865
1453,4604,828
2899,3916,408
3934,1350,571
2981,715,797
2701,1027,434
58,4898,542
1429,4370,468
2961,1141,352
4465,532,480
3457,2196,531
1803,825,884
1544,1731,791
3493,2115,817
1789,1548,686
1848,1883,783
243,4450,818
3151,2089,745
2643,3989,489
1370,3087,107
4690,1481,298
4055,3820,116
4885,4530,409
3510,997,337
3540,3784,673
3974,2034,946
956,169,302
1688,4922,515
3402,2974,518
3903,624,815
2566,2198,917
4531,1645,472
3761,893,308
783,23,450
2697,40,930
1001,2787,797
3107,658,791
3307,3764,292
3531,1356,286
669,3692,724
4053,2237,258
3445,708,104
4743,3447,563
179,1678,656
2290,4192,626
3495,4133,234
2082,1579,900
4617,1663,463
4512,1478,714
3577,4071,960
2641,236,597
1488,86,347
4265,2388,289
1062,4294,424
605,4793,503
1062,562,891
4638,1034,324
4575,4435,776
3848,1094,621
3959,3835,230
4639,142,377
141,714,497
1672,1678,388
4435,2990,873
4634,2451,923
3653,1853,290
497,2062,401
3592,2956,365
2368,886,490
1060,2884,734
3620,2636,663
3364,4046,868
1209,1459,479
3077,4726,124
4079,1213,164
1591,3786,497
3110,304,417
1831,3293,549
2711,1619,158
689,2639,302
1075,3468,138
2074,3462,484
2729,3411,137
1014,2853,103
2187,3032,840
4630,3616,462
3904,9,911
761,2501,773
3500,415,394
666,957,628
2524,743,921
1315,2154,702
4164,1905,997
3660,3581,247
447,36,748
1537,3129,814
4351,3088,884
4684,4841,856
3089,328,753
2734,1800,236
1405,1609,835
3930,3558,511
3006,2668,534
1399,4542,670
4547,542,643
3982,743,545
1272,4967,885
615,1498,566
4223,4085,286
2440,1395,857
3103,1419,126
3803,3619,811
2200,2894,678
1517,759,608
51,4471,280
1354,3502,808
3566,4844,390
4690,3313,637
4393,2307,989
314,3216,376
4390,4048,811
4770,4094,381
44,1202,929
1560,2556,967
322,3774,529
459,1047,776
1569,2587,323
230,4842,105
1682,4257,459
567,4205,353
1754,764,749
1482,2789,752
2234,2115,494
2556,210,816
207,80,653
4291,2853,398
952,2162,283
4732,1053,856
4596,109,226
1557,108,507
3143,2561,442
1924,756,774
4464,1085,951
4299,4155,734
325,3223,366
4301,5,158
3236,2757,826
1971,2684,206
1629,4962,302
3133,2380,591
3206,2772,224
4584,560,766
596,791,289
1005,1758,481
2752,4855,626
441,644,997
3427,2084,967
2281,4967,251
2119,485,251
4329,2178,983
2753,1363,250
4904,4565,693
270,2974,372
1368,73,821
370,4547,364
4163,2721,228
2273,3510,250
1685,4064,1000
1683,1331,801
3604,1495,103
1572,2392,545
2059,4663,294
2922,3556,519
3317,290,128
3251,2052,184
4616,668,285
3883,4944,402
1139,4511,246
2703,1510,345
372,1659,785
3078,1230,871
3015,2226,580
3641,2940,604
4564,12,460
2225,456,305
2672,4902,323
3683,553,346
4123,213,287
3610,2445,986
1415,3353,241
1330,1667,579
154,3093,247
4219,2547,838
4982,1789,611
3921,1636,365
3986,1250,492
1002,1332,466
3784,1454,295
4101,1567,361
1363,2487,132
4008,4713,528
4883,2039,950
1917,433,537
2809,265,437
3648,3750,104
3073,395,820
1485,3127,328
539,2942,318
1032,2650,349
1366,1856,553
1584,4506,260
4051,3112,284
761,1186,262
4160,4579,318
2758,1595,123
1776,4442,352
988,2664,329
2931,4511,267
2492,3355,821
4634,3370,284
3833,4568,556
1357,481,182
4374,828,341
2670,4282,605
3803,150,968
3717,2604,119
248,1429,763
43,151,791
3508,3845,568
1034,4413,273
1857,1755,227
1620,758,256
2667,1289,368
286,2390,250
3065,3104,928
1719,324,628
3678,396,782
376,522,109
3198,1245,962
3836,4420,381
60,3768,139
3222,2006,284
2508,3165,920
3972,1257,788
1205,860,578
197,2469,750
910,2644,993
2362,632,806
4861,4507,660
4508,3413,348
4395,2892,771
4810,2108,695
4846,3576,359
1796,2400,353
2909,2435,205
3028,1637,349
1846,4092,732
4126,435,385
4634,4836,706
39,2118,506
4944,4019,405
4926,4901,455
2584,1823,655
2511,529,178
860,3423,819
122,1022,386
4445,1603,567
3033,2702,434
683,3638,856
3734,1439,300
544,1792,547
861,3960,514
2467,4973,356
2367,3436,620
3184,800,946
518,4761,712
1851,4589,878
1891,2172,646
281,928,999
2828,4645,749
2644,4846,364
2310,4244,217
664,2869,989
4612,767,957
4372,4413,345
3588,793,440
1543,4475,577
937,3950,289
590,4049,528
4799,3815,161
1541,4668,149
2925,1051,756
3566,4196,305
2658,881,557
267,405,960
10,4212,853
1716,4423,371
3810,3232,926
4202,2128,720
1580,2789,602
2330,3381,660
4389,3973,773
4045,2115,402
1084,3372,254
3974,4779,328
4205,2197,694
1001,4008,306
4049,4406,851
1491,1757,349
4783,376,176
3352,1372,339
1672,2130,193
182,4356,410
4111,3389,157
3000,4843,905
4286,2142,747
1356,518,111
2245,3273,257
3510,440,634
4652,4412,300
4934,1529,540
3457,3494,483
2150,630,510
537,2143,981
1767,992,253
537,735,885
4963,3760,537
2982,4533,563
3659,1676,417
638,3806,915
4843,3124,646
932,1034,480
1217,546,707
2276,302,221
631,2487,795
4981,4468,638
650,431,746
2373,1090,665
173,2789,308
4841,3885,620
2995,2005,659
3945,508,274
4137,3084,463
1588,1791,329
559,1131,300
1999,1744,717
1598,3042,955
4948,1767,595
2413,3550,472
2344,779,126
2923,1686,886
83,1458,957
4049,2571,237
1847,1178,214
3971,1311,915
4086,526,291
2061,2632,121
4400,96,429
3913,1327,677
1958,3713,623
1276,2115,837
1894,3920,391
3396,1317,949
1252,3909,419
4574,3332,735
4581,3942,665
3095,4255,229
1876,564,900
3939,2672,343
2750,2512,191
2599,3252,532
4106,4711,260
4463,3724,359
2373,291,370
2051,1203,257
2516,3003,716
3947,1360,112
2734,2896,750
1829,1250,313
138,894,189
216,3167,520
4885,1114,335
143,1978,267
2090,4493,929
1561,4028,455
2509,3003,281
687,225,666
3814,3225,869
439,865,289
3627,4019,725
1528,2038,646
851,3726,243
900,766,288
4741,1369,737
2631,2661,871
1818,1648,240
669,3963,928
3328,488,224
4197,878,779
3589,3422,500
4545,1517,462
2771,4177,586
3122,2551,801
935,967,120
3397,3147,296
4495,1308,336
1157,141,190
2996,2685,629
386,3164,108
3328,405,141
1823,3534,115
500,3300,167
4020,4079,745
1115,595,645
4914,12,387
2116,4914,828
2797,807,617
2455,324,207
783,4365,722
3609,564,842
1134,3391,156
133,3520,394
2006,3781,227
2384,284,385
4316,1115,948
1674,1254,156
2808,4582,388
836,674,445
4705,4448,351
2313,4822,757
2076,943,453
2105,3950,169
2481,3840,829
1593,3625,632
2041,3462,563
536,4456,521
3712,4453,598
2918,274,886
3121,2732,831
1619,943,571
3864,1331,143
3711,484,434
933,1900,451
898,1061,842
2739,2466,378
558,4104,718
26,1441,260
775,1884,779
2572,437,845
3509,1278,979
3262,2902,660
3906,4994,783
1416,3237,217
4568,4319,400
4373,2218,194
1658,284,521
4287,2767,790
3955,4289,691
3581,4242,301
973,4935,225
337,4194,817
125,3218,819
1562,4789,290
3645,4855,997
4353,4784,628
469,975,741
1383,3359,830
2094,845,478
1969,2704,628
3723,1114,509
1403,1145,943
1138,3290,329
3223,4496,351
4664,1561,908
838,3594,525
83,2381,735
2575,3386,870
19,4600,666
4528,4182,668
1214,3260,432
4276,956,543
1964,1603,507
4411,3914,297
2870,2766,575
4242,4138,761
4571,1971,599
3305,670,502
684,725,437
1101,4520,207
3848,2415,382
279,1152,335
2513,2707,793
760,55,792
1819,4152,802
226,1631,314
2964,3742,145
2696,328,908
956,3698,373
335,4764,156
2003,3381,630
2062,1594,718
3085,1254,618
1868,2827,901
2197,3614,546
1124,3493,333
1066,4233,162
313,4118,165
4320,239,771
2406,783,528
148,890,962
342,1599,492
3187,4914,325
2768,3530,460
3576,2428,488
520,4718,200
1425,2097,115
4149,925,824
2822,2470,390
1106,2239,939
472,118,672
1713,4599,384
3712,3137,934
3806,3643,737
3284,872,408
54,4913,427
4787,3122,624
368,2498,355
4460,4243,576
2266,4456,934
3674,3385,833
2570,3217,908
4372,37,406
103,3927,743
2011,1028,128
1356,1677,929
353,2458,807
2560,152,959
3476,2696,105
2014,2881,870
4160,625,241
964,159,247
4689,681,602
2132,492,555
4950,4850,229
316,1309,175
894,4303,659
2880,997,927
1971,2492,988
4786,4465,210
1061,2741,119
3525,4139,229
4863,289,821
1588,273,199
355,1549,637
3395,3815,871
3602,2199,425
1877,451,179
1828,2225,886
1404,1097,618
2345,908,842
4632,4015,979
1488,2974,618
2799,3731,415
3600,3855,965
4155,438,605
921,1242,801
2073,4423,639
4362,3725,367
4470,3811,654
4415,3961,215
4229,546,261
582,2312,641
1298,762,903
687,172,667
4408,1520,117
3871,4157,278
695,1035,349
2543,1393,491
2087,3188,130
1921,3011,868
1714,3621,906
4511,227,840
3274,974,386
3549,592,318
3313,7,528
3880,3328,903
2559,2732,222
4608,1523,122
1615,1248,130
348,3465,395
3600,4895,603
2157,3356,663
1827,3514,600
2705,3168,328
3145,2964,263
2712,2782,907
4410,336,494
2005,4281,435
4638,769,944
4533,497,278
1480,2952,523
3875,3371,559
2151,2996,824
4665,2789,776
2326,4513,866
1406,3818,746
4501,3737,383
1826,2755,243
450,3905,193
2835,1765,110
1479,3385,104
4085,4601,528
4370,1159,109
752,4546,387
458,132,205
4169,4872,453
3313,2642,908
1348,1301,791
2246,4638,342
3967,2022,558
125,1574,435
3244,3564,616
1937,3387,656
2016,4090,752
3495,2487,474
1228,394,121
1660,4259,419
3259,3119,245
4077,291,761
3388,1739,255
1921,4252,955
2336,3442,371
2240,1623,431
3704,1656,420
3351,3755,350
2729,1231,379
3787,749,482
950,1490,114
1097,1647,995
415,4815,773
2073,1528,175
3427,2075,663
1992,3627,885
4635,4108,262
3433,2337,545
1950,2123,940
4529,3083,114
4849,1731,587
4036,2497,969
4467,4735,748
2287,3476,142
1846,1373,213
3795,3997,600
56,2507,383
129,1677,415
3830,609,179
1873,151,469
714,386,259
3497,910,687
230,3269,420
4337,4061,155
3878,3359,200
4389,1593,168
2480,391,669
4203,4926,956
1708,1315,275
1528,832,563
1403,525,416
1067,4457,875
2774,4154,370
2486,4200,803
929,3265,859
4918,130,425
337,588,829
143,164,581
418,4782,139
2476,4656,370
1241,3676,348
4269,4800,846
2548,2503,129
762,3753,253
4373,1049,235
2133,4357,486
1091,3288,379
4128,3620,853
1645,3088,168
4541,899,753
573,4539,348
405,2862,699
3764,2916,654
1979,3164,827
4895,41,833
1412,4608,172
280,4720,282
63,3520,577
1371,4563,493
3985,1978,340
4994,3385,378
2225,119,130
2631,388,905
2132,1025,835
2801,1448,382
3638,4218,106
822,2438,344
1451,411,166
2733,61,196
2317,3702,146
4753,3545,732
1594,2391,165
2707,1325,675
4008,721,931
4992,4803,293
1186,2304,337
1378,4683,429
2311,66,335
565,1252,143
1513,3333,709
2619,3343,600
1311,3847,832
4876,473,338
655,692,872
1963,248,765
1874,3154,871
3319,1817,846
656,1491,832
4907,3987,989
220,1841,253
4843,3326,145
1104,367,568
1136,3442,617
911,914,664
758,4716,585
3914,3462,315
4311,4642,982
2008,1675,364
1304,3719,335
3496,3390,958
2881,4818,326
26,744,983
2691,73,370
2404,1649,439
4250,1318,841
4272,3567,180
3442,3687,864
4812,3855,764
511,1939,293
4909,188,339
2986,346,242
1854,3184,247
514,2083,230
3695,3888,192
3985,2722,242
4432,1774,758
3286,3579,990
4522,2546,974
2826,998,637
3481,984,277
2950,4906,746
2508,4925,254
2650,4633,213
1769,1253,680
2231,731,646
3678,454,719
1266,1196,224
2791,2201,301
1006,1840,409
4908,3730,713
4404,3831,136
69,3082,589
180,761,181
4749,2393,467
1964,2522,662
700,2158,613
3123,601,904
524,4018,600
163,4205,791
2479,584,158
2800,3346,785
1669,2035,619
4568,4683,321
2720,1874,607
818,596,547
3083,2062,858
4759,1897,625
1145,1871,896
258,3839,683
1401,1695,934
1151,3541,380
481,3337,376
480,461,667
4135,3510,694
263,4564,505
2934,3506,394
3460,1701,600
2659,404,889
1010,4545,779
3411,3593,844
1034,4638,409
1991,123,338
3705,465,982
2982,1593,510
2093,4681,576
4645,563,175
2576,241,524
3774,1132,154
3686,2995,486
2259,730,566
481,3667,910
2081,569,345
1513,3517,793
3303,2747,328
2497,3134,171
2629,3741,975
4237,3997,864
3013,2076,203
77,1310,482
2127,1698,547
949,2712,315
1256,1454,825
875,3298,968
547,1111,752
4021,4143,906
446,2324,963
1127,4949,890
1105,3892,437
4341,2084,404
62,4336,694
4040,4654,390
4252,1311,510
3422,2786,205
1906,342,201
856,577,896
2091,2163,527
4714,3528,872
814,2958,754
1113,3755,282
4454,3815,668
2730,1552,980
3713,1419,588
4535,2941,302
1024,1638,537
34,4874,177
795,2872,443
2229,4288,753
4573,1645,310
3329,1256,549
607,3461,907
4810,4965,994
4750,4583,708
163,4910,217
4416,3774,512
2993,4335,147
4182,3042,480
669,2027,650
504,609,661
4170,2414,442
3750,3295,453
4569,2369,653
2048,3099,987
4222,1978,566
4484,1766,139
4043,3101,279
3228,4450,849
2788,4944,569
1820,1783,641
242,4224,780
857,725,807
3025,321,552
1656,2497,715
3844,4071,599
416,3608,438
966,4812,422
2675,153,1000
3664,2,862
1529,2490,507
1740,3863,610
2840,2093,996
2762,623,501
4539,4144,184
4839,1078,671
3741,2036,291
2216,4509,130
254,2993,201
3491,3298,305
4995,4243,305
4010,2557,842
1653,1374,127
1993,3516,550
300,3345,234
1946,341,475
783,29,820
2365,2611,516
415,4480,487
2202,4404,180
42,2458,790
3066,55,919
88,2639,372
2673,2284,558
3307,720,646
4206,2341,552
339,1268,453
1802,34,360
2304,1619,864
4736,2184,271
3415,1696,609
3007,4266,262
2471,927,355
3212,1551,728
2300,2965,508
3064,4595,725
1660,275,211
1311,2012,766
3414,2380,203
515,2458,683
4674,20,319
4231,1603,794
1177,2873,638
3343,2388,332
4176,4980,459
3505,97,249
1476,4377,124
4352,3901,902
4202,3651,336
2,4352,598
3119,692,541
595,4786,374
3027,1418,534
4343,2546,524
4667,247,356
394,3536,623
2946,4758,449
4997,2026,932
2051,3414,211
1224,4607,732
4341,2522,763
2882,801,128
2645,2552,280
4460,3545,626
2465,2107,526
1471,2969,767
4718,3705,709
2449,595,582
1319,2254,593
1191,4170,718
889,1399,738
1603,1150,802
2907,3580,736
4228,4519,343
3690,2498,604
3514,1600,780
424,3697,137
79,2752,862
1911,3394,246
220,2831,438
2502,3205,586
4359,1310,388
1161,2245,310
3421,718,435
2765,2808,706
3546,2980,724
282,85,395
1566,2217,191
3576,3189,308
4176,3256,638
2134,848,274
1368,1426,629
3915,2914,588
1801,486,263
4419,1027,748
4447,845,245
451,337,510
5,1795,978
654,3436,570
3480,3375,866
4038,3634,599
861,708,299
957,3626,537
304,2516,649
4418,476,243
2194,922,151
4734,1843,533
3523,1864,174
1763,277,568
956,2867,389
125,123,730
2870,290,776
4940,4004,177
3848,4728,683
4003,3041,259
1331,880,775
1508,1154,412
3670,3049,120
2525,2761,675
3321,3768,183
2813,1320,769
2577,4787,697
3830,4283,898
2559,4715,265
2195,784,995
347,1690,529
4816,1338,903
4100,4188,345
3276,1888,163
24,4029,107
2638,3376,913
260,264,479
709,3835,926
4916,2811,696
1714,3710,613
2027,4245,327
871,2419,945
2579,4833,722
4442,3731,570
1197,4512,821
1596,1615,932
4068,4175,643
3546,3416,247
3080,3718,650
2322,4664,947
1972,4261,445
1980,1515,855
3031,1002,548
1752,961,227
1022,2272,499
4485,4986,400
4369,1349,974
1324,20,100
1782,410,711
2573,2802,410
4374,4162,846
2651,3272,543
3409,3746,265
1569,1052,326
2156,4549,196
568,4073,822
915,2674,474
2788,3588,515
2708,4322,109
293,4890,714
2625,2939,255
2517,4804,965
3873,4326,930
559,2600,408
2963,1466,186
2770,3849,716
2412,3586,468
3118,2828,831
3533,2321,803
2942,477,156
2503,2046,488
2627,4067,822
1158,3598,220
3283,2758,767
83,2113,446
222,1187,520
3717,366,100
4394,3961,771
4206,2998,550
1398,1809,974
451,60,824
3775,1557,856
2860,1075,291
4459,2795,888
1065,2116,353
542,52,544
3764,2485,140
4139,2479,493
1925,3762,835
116,4897,574
3172,3855,599
4550,1822,239
2023,1228,271
1766,1556,416
2240,252,334
517,1021,816
1872,1171,928
1869,3009,417
2137,581,229
3047,3375,908
1863,3844,619
4370,393,597
2802,1725,536
2615,4642,276
4724,635,858
434,4613,819
3769,313,734
4531,4214,490
4308,3857,664
2411,2087,898
771,3120,638
2282,1173,683
1367,2971,883
2697,2545,818
1041,363,542
2602,4129,895
3128,4263,988
1006,3116,476
4308,4914,315
3990,1751,614
2251,2420,201
3990,2717,161
4070,3582,189
2397,3384,405
1797,471,529
383,4648,719
3658,1726,357
2097,3237,478
3076,414,988
1825,3787,486
1544,644,253
4920,1306,140
4650,924,720
201,25,521
1868,2526,991
4645,3266,289
4855,3701,696
3728,3915,486
843,767,608
118,2884,477
4354,4622,279
4994,2764,479
23,4646,716
1266,1808,907
2478,4721,742
3982,2636,594
332,2323,763
2711,4010,338
4951,2443,196
1112,3977,262
2909,3549,703
1582,4568,564
2647,4120,102
564,4020,605
2103,2296,603
948,4897,511
2256,94,223
1488,3775,298
3007,4695,642
2913,2091,295
4440,4275,442
225,1063,220
1680,4910,360
3760,2632,154
2309,3686,572
3954,906,553
1312,4432,940
2774,861,788
3227,727,356
20,3219,355
4902,3398,482
219,3732,373
1463,4324,347
1460,1484,900
511,1454,226
3813,3765,362
2892,2428,119
433,1780,282
4489,789,866
1789,3674,141
1183,3640,773
1617,4006,349
1572,1295,919
749,1587,850
823,3117,559
2121,234,246
4634,346,162
1715,3376,245
2235,4420,372
2033,4294,603
3729,1403,373
2368,1730,724
3897,4310,586
4440,409,340
4787,2021,778
4879,460,630
2229,2059,915
1248,3774,218
3673,4763,886
1574,123,232
1912,3309,313
794,2005,158
3511,2280,983
2108,4123,766
2195,3269,493
2680,1700,678
3384,77,964
2186,3344,273
382,2308,207
3145,1556,678
639,1643,583
877,2195,128
1873,1404,141
229,536,436
785,2718,591
3850,3118,926
2795,3210,201
4254,3202,327
4318,4801,247
4297,4788,855
1897,1776,252
2299,3096,900
2146,1755,957
2793,1313,912
2655,4284,581
4062,2980,783
3592,2571,584
1118,1543,792
4580,4647,822
534,482,176
1968,1654,753
2085,3393,568
1548,2687,702
523,34,346
599,3226,418
1629,4293,420
3382,617,268
890,4822,925
1504,621,683
2544,131,259
4399,4691,576
853,2572,507
2340,3724,788
3656,711,418
424,609,979
4287,2498,599
1862,2842,622
4607,1731,523
1196,3773,988
4655,386,648
2061,3098,650
4138,3972,875
951,2264,743
4263,4641,665
4316,3444,320
876,4871,804
2180,4153,809
4765,1498,656
605,2917,747
3984,1362,672
27,330,119
3683,2933,220
614,4880,770
466,767,208
118,3592,362
4194,3714,536
1831,2490,230
4370,3770,526
2623,706,457
907,3231,351
2077,3594,285
3915,1351,405
3345,1777,779
2656,747,553
924,399,420
2000,4037,166
3921,4103,256
4935,4270,191
3441,4540,975
2982,4425,503
1165,1538,140
3093,3312,795
2775,3277,392
2179,4287,783
3201,2832,179
1982,3690,853
3817,2415,580
2092,207,903
2233,1426,180
576,737,144
2835,3851,403
4895,953,574
766,4432,157
2370,867,916
4260,4476,896
592,4477,170
115,2594,498
1922,1807,759
1661,447,903
4410,3966,161
2892,3950,623
2223,4473,680
4052,1845,588
2920,3629,462
4576,1367,782
1918,4722,521
1842,717,292
1578,2430,919
295,3526,845
2983,562,223
2957,1241,281
3945,2264,502
1985,1421,543
4674,2997,995
673,2166,861
4675,2876,152
1563,860,320
3136,796,653
1019,2211,424
356,212,987
1449,4415,670
2034,3265,123
747,4087,539
961,4422,278
1107,3178,485
3540,378,500
1722,4804,409
1378,4500,819
3863,1251,497
1318,3492,331
2826,4821,165
4383,873,719
2303,4580,502
4815,549,272
3264,96,880
1211,3239,140
4533,4240,933
4866,3004,733
990,1477,139
4056,4667,111
4582,1985,379
3862,4036,524
3010,620,999
1575,4859,432
3289,3314,836
225,3022,870
4662,628,620
833,4602,919
3966,2434,136
3981,3832,804
2515,1403,820
4992,3294,302
4187,532,309
2170,2619,386
3657,1812,774
4593,4373,792
3155,3488,389
423,4344,694
358,612,547
2056,4046,421
2840,1438,257
4028,986,927
4058,859,775
183,3493,246
2735,2981,918
2967,4974,400
2743,3148,975
1115,181,709
3231,4043,675
4581,4604,391
4012,327,908
3948,3982,705
1773,3495,221
190,833,102
2712,2990,318
4758,1602,271
4671,3626,486
4595,2665,928
52,1240,896
4208,735,579
1675,4260,288
4176,1037,247
4803,1053,782
4869,1549,872
4796,2446,818
2181,475,507
878,3771,537
2677,3086,129
1316,388,815
1705,96,936
773,4396,671
149,4846,420
2547,3372,921
3611,475,576
1092,2681,510
1810,30,970
2490,2658,539
571,4062,127
1312,4170,479
3365,2661,859
365,4609,705
2728,1362,640
3175,4840,907
4264,1174,860
1951,89,832
3968,3438,144
3070,102,997
2499,3123,542
4964,4393,492
118,1340,953
720,465,451
2969,1688,139
3505,1051,135
1706,315,293
2186,918,401
2114,2083,861
1887,280,443
3076,4368,822
227,2051,922
4238,944,938
4791,1740,869
3146,3686,660
2328,2597,397
3176,472,198
3346,1417,741
554,2924,958
4766,4002,802
4250,2255,931
2014,4693,262
2624,4020,238
2715,478,148
3937,989,528
1027,2155,746
158,4606,441
2412,3924,707
4839,2327,525
2043,151,774
2212,2980,863
1941,1655,967
333,4978,385
4909,2984,169
4329,709,784
1749,3990,848
491,2063,977
95,3199,835
2283,77,707
4482,3521,860
480,1186,334
2359,376,133
3008,2793,406
989,311,323
3516,81,737
1066,4730,722
691,2,188
4239,3900,543
758,1253,152
4363,4479,695
4125,4054,766
1792,4447,347
2980,1342,454
667,2157,677
3809,3220,743
309,3604,207
3660,2074,777
502,2953,930
3381,1176,616
2996,2329,668
193,3216,269
4887,523,221
3580,4555,144
2834,2002,232
1323,3176,392
1849,2834,129
936,1458,121
2401,2878,145
2597,3231,548
3404,2083,588
1721,1687,566
4516,3647,248
496,2651,544
2780,1154,941
2150,1758,355
1032,1052,167
1701,360,577
2397,1498,616
227,869,145
604,3173,692
1353,3266,685
1970,1588,529
3896,242,839
3835,89,166
2418,1544,812
4023,4135,102
3178,886,976
1074,1199,650
1149,2640,420
2839,2027,696
2781,3726,292
2468,3277,468
2340,1115,802
1029,564,923
4494,883,372
2156,830,437
2733,1435,573
401,4032,449
1095,1111,996
377,1603,354
182,1679,212
1269,3282,207
4763,1861,560
194,4634,305
4807,467,692
880,4226,305
4779,3959,594
3355,416,504
3238,415,835
2046,2681,307
699,4617,554
4289,1938,920
3772,1760,565
4733,1792,161
1341,4838,294
3668,4545,226
4992,504,701
4215,4212,224
3068,2521,256
4782,4981,521
152,2956,257
4530,1336,431
1360,4064,183
4227,838,739
599,4076,227
274,957,322
4833,2597,253
3293,3111,465
4843,2067,411
2168,54,254
668,1716,157
1397,2990,680
2958,31,934
2450,4393,315
3131,4887,508
3738,3713,856
2626,3653,261
201,1987,315
110,3658,958
2239,2487,143
3850,781,592
3376,3507,972
1044,4031,803
1340,546,453
4786,2563,174
4007,2102,565
2077,1739,111
1987,2765,665
3454,1216,842
3916,2148,274
350,1343,701
3999,4010,597
4683,2597,240
3339,2907,519
1506,4400,297
4532,187,712
2397,855,585
2844,2068,313
1673,1821,610
4985,2346,359
4025,4906,400
1237,1438,449
1002,130,659
2380,1720,934
2903,1422,997
1492,1952,652
794,185,132
56,961,232
4346,3488,446
1550,2127,778
516,2764,911
3759,3222,978
4690,4227,445
3175,291,143
2546,3618,160
3145,617,365
3305,2011,360
677,1615,806
1127,1378,693
2211,3835,792
879,2361,761
3826,918,234
4449,1027,322
1430,761,651
565,1369,181
2746,41,585
1131,4484,144
1751,2223,919
24,3892,317
571,3169,551
4554,1996,254
2055,859,994
4020,3866,109
452,950,144
3184,1315,531
3919,3550,485
568,2988,705
946,4340,562
4562,3119,195
4398,229,608
730,3139,338
1170,4675,115
352,1314,582
422,2292,154
2116,192,646
4924,4774,638
4390,1159,253
529,3477,718
2106,3126,814
4827,1571,218
3406,1834,269
4648,212,205
3036,786,214
4191,1636,831
4904,1461,469
1084,1990,349
1696,581,211
2589,3847,475
3344,693,819
2174,4727,482
3959,4469,206
394,2859,615
2145,4022,791
3798,2901,927
1004,462,977
1231,3801,612
4327,2895,721
36,3355,488
4763,3516,240
140,133,803
3803,3848,807
659,3998,732
4291,2961,199
4486,4752,841
1974,2384,762
4033,3824,892
4995,1119,892
4966,3758,672
763,4915,748
63,971,486
1351,2018,851
4415,528,704
4475,2359,854
462,1478,244
1014,604,404
2585,4059,446
1505,556,763
3494,481,564
3941,3171,607
1048,3284,704
4682,2704,536
416,4890,124
4377,4560,542
2940,3118,464
1843,1774,309
2763,3616,380
864,2258,100
4012,374,168
2611,2192,965
2083,182,218
2486,4947,313
3931,2838,536
1399,132,134
751,3622,844
869,4470,264
4313,503,750
3743,3332,636
1923,1827,195
2348,2779,535
1243,4744,117
3875,2440,905
743,1999,389
506,4029,379
1502,3638,738
3974,2826,331
4985,3073,401
4658,2256,670
3167,2880,595
2918,2644,677
110,3784,505
3995,3781,812
4374,4060,959
4951,3483,881
2635,3697,789
1209,1923,482
463,2187,970
1924,3495,654
3045,4745,405
4321,3407,895
759,396,126
3146,2059,997
569,127,934
3540,3883,555
4567,890,257
3967,4497,182
1657,3280,723
4889,3773,272
4244,3268,202
4000,663,466
2425,1281,325
245,4804,182
2211,1990,544
1778,2552,852
3298,3293,392
3681,177,980
4628,722,686
1442,321,808
2121,713,563
1794,124,237
1489,3481,878
2803,1259,310
2656,2945,315
3568,1822,733
4693,3144,894
3535,4647,651
4354,4469,351
3145,4103,143
2984,3726,840
2358,781,285
1180,583,946
2415,4661,220
4312,3186,513
3588,700,527
564,180,965
1511,970,696
736,2719,934
4078,507,330
2422,2522,609
3591,4231,732
2595,2472,362
1612,612,174
4404,4453,766
133,2655,765
137,2938,596
3939,2070,255
3698,479,521
4102,2864,167
3111,4264,585
2681,1176,806
2586,688,394
2690,2838,214
826,1285,974
284,4069,438
2024,3019,738
714,4924,424
4884,2763,394
2828,967,525
4811,494,804
2237,1000,583
3056,160,983
728,1562,645
3241,4223,842
1522,1541,236
4246,4938,729
2518,743,538
2772,4043,880
3945,3259,740
1221,1210,900
3815,2887,977
3615,3289,301
4051,4766,499
2427,30,190
2689,2757,906
1249,2526,493
3595,1415,207
3851,2286,121
1107,3565,971
3909,3644,829
3648,3141,737
1292,3219,617
190,3856,163
1426,3181,301
4770,970,360
2239,997,284
3050,3745,937
644,3081,348
4597,2577,730
1414,919,111
601,4395,470
2009,3308,119
3767,97,164
3816,2325,533
2653,2774,397
3386,4540,568
676,3835,308
3051,1071,593
898,4426,360
1299,786,590
2794,2887,663
4930,1375,730
4657,266,795
996,1240,951
893,1775,532
577,2969,722
4977,3440,817
3126,3985,938
4760,3280,947
2637,4719,693
553,2052,114
1965,3974,195
3528,4309,509
3010,439,133
4339,4512,458
2968,2872,540
3087,540,758
2910,46,920
3229,3423,543
148,3926,350
670,3469,469
2654,4021,949
363,4705,153
2961,312,211
2646,2715,885
1867,4931,785
1205,109,108
3257,232,398
